playerName,birthYear,debutYear,finalYear,yearID,age,age2,AB,H,batting_avg,n_seasons
Bobby Abreu,1974,1996,2014,1997,23,529,188,47,0.25,17
Bobby Abreu,1974,1996,2014,1998,24,576,497,155,0.311871227,17
Bobby Abreu,1974,1996,2014,1999,25,625,546,183,0.335164835,17
Bobby Abreu,1974,1996,2014,2000,26,676,576,182,0.315972222,17
Bobby Abreu,1974,1996,2014,2001,27,729,588,170,0.289115646,17
Bobby Abreu,1974,1996,2014,2002,28,784,572,176,0.307692308,17
Bobby Abreu,1974,1996,2014,2003,29,841,577,173,0.29982669,17
Bobby Abreu,1974,1996,2014,2004,30,900,574,173,0.301393728,17
Bobby Abreu,1974,1996,2014,2005,31,961,588,168,0.285714286,17
Bobby Abreu,1974,1996,2014,2006,32,1024,548,163,0.297445255,17
Bobby Abreu,1974,1996,2014,2007,33,1089,605,171,0.282644628,17
Bobby Abreu,1974,1996,2014,2008,34,1156,609,180,0.295566502,17
Bobby Abreu,1974,1996,2014,2009,35,1225,563,165,0.293072824,17
Bobby Abreu,1974,1996,2014,2010,36,1296,573,146,0.254799302,17
Bobby Abreu,1974,1996,2014,2011,37,1369,502,127,0.252988048,17
Bobby Abreu,1974,1996,2014,2012,38,1444,219,53,0.242009132,17
Bobby Abreu,1974,1996,2014,2014,40,1600,133,33,0.248120301,17
Edgardo Alfonzo,1973,1995,2006,1995,22,484,335,93,0.27761194,11
Edgardo Alfonzo,1973,1995,2006,1996,23,529,368,96,0.260869565,11
Edgardo Alfonzo,1973,1995,2006,1997,24,576,518,163,0.314671815,11
Edgardo Alfonzo,1973,1995,2006,1998,25,625,557,155,0.278276481,11
Edgardo Alfonzo,1973,1995,2006,1999,26,676,628,191,0.304140127,11
Edgardo Alfonzo,1973,1995,2006,2000,27,729,544,176,0.323529412,11
Edgardo Alfonzo,1973,1995,2006,2001,28,784,457,111,0.242888403,11
Edgardo Alfonzo,1973,1995,2006,2002,29,841,490,151,0.308163265,11
Edgardo Alfonzo,1973,1995,2006,2003,30,900,514,133,0.258754864,11
Edgardo Alfonzo,1973,1995,2006,2004,31,961,519,150,0.289017341,11
Edgardo Alfonzo,1973,1995,2006,2005,32,1024,368,102,0.277173913,11
Rich Aurilia,1971,1995,2009,1996,25,625,318,76,0.238993711,14
Rich Aurilia,1971,1995,2009,1997,26,676,102,28,0.274509804,14
Rich Aurilia,1971,1995,2009,1998,27,729,413,110,0.266343826,14
Rich Aurilia,1971,1995,2009,1999,28,784,558,157,0.281362007,14
Rich Aurilia,1971,1995,2009,2000,29,841,509,138,0.271119843,14
Rich Aurilia,1971,1995,2009,2001,30,900,636,206,0.323899371,14
Rich Aurilia,1971,1995,2009,2002,31,961,538,138,0.256505576,14
Rich Aurilia,1971,1995,2009,2003,32,1024,505,140,0.277227723,14
Rich Aurilia,1971,1995,2009,2004,33,1089,399,98,0.245614035,14
Rich Aurilia,1971,1995,2009,2005,34,1156,426,120,0.281690141,14
Rich Aurilia,1971,1995,2009,2006,35,1225,440,132,0.3,14
Rich Aurilia,1971,1995,2009,2007,36,1296,329,83,0.252279635,14
Rich Aurilia,1971,1995,2009,2008,37,1369,407,115,0.282555283,14
Rich Aurilia,1971,1995,2009,2009,38,1444,122,26,0.213114754,14
Paul Bako,1972,1998,2009,1998,26,676,305,83,0.272131148,11
Paul Bako,1972,1998,2009,1999,27,729,215,55,0.255813953,11
Paul Bako,1972,1998,2009,2000,28,784,221,50,0.226244344,11
Paul Bako,1972,1998,2009,2001,29,841,137,29,0.211678832,11
Paul Bako,1972,1998,2009,2002,30,900,234,55,0.235042735,11
Paul Bako,1972,1998,2009,2003,31,961,188,43,0.228723404,11
Paul Bako,1972,1998,2009,2004,32,1024,138,28,0.202898551,11
Paul Bako,1972,1998,2009,2006,34,1156,153,32,0.209150327,11
Paul Bako,1972,1998,2009,2007,35,1225,156,32,0.205128205,11
Paul Bako,1972,1998,2009,2008,36,1296,299,65,0.217391304,11
Paul Bako,1972,1998,2009,2009,37,1369,116,26,0.224137931,11
Rod Barajas,1975,1999,2012,2001,26,676,106,17,0.160377358,12
Rod Barajas,1975,1999,2012,2002,27,729,154,36,0.233766234,12
Rod Barajas,1975,1999,2012,2003,28,784,220,48,0.218181818,12
Rod Barajas,1975,1999,2012,2004,29,841,358,89,0.248603352,12
Rod Barajas,1975,1999,2012,2005,30,900,410,104,0.253658537,12
Rod Barajas,1975,1999,2012,2006,31,961,344,88,0.255813953,12
Rod Barajas,1975,1999,2012,2007,32,1024,122,28,0.229508197,12
Rod Barajas,1975,1999,2012,2008,33,1089,349,87,0.249283668,12
Rod Barajas,1975,1999,2012,2009,34,1156,429,97,0.226107226,12
Rod Barajas,1975,1999,2012,2010,35,1225,313,75,0.239616613,12
Rod Barajas,1975,1999,2012,2011,36,1296,305,70,0.229508197,12
Rod Barajas,1975,1999,2012,2012,37,1369,321,66,0.205607477,12
Clint Barmes,1979,2003,2015,2005,26,676,350,101,0.288571429,10
Clint Barmes,1979,2003,2015,2006,27,729,478,105,0.219665272,10
Clint Barmes,1979,2003,2015,2008,29,841,393,114,0.290076336,10
Clint Barmes,1979,2003,2015,2009,30,900,550,135,0.245454545,10
Clint Barmes,1979,2003,2015,2010,31,961,387,91,0.235142119,10
Clint Barmes,1979,2003,2015,2011,32,1024,446,109,0.244394619,10
Clint Barmes,1979,2003,2015,2012,33,1089,455,104,0.228571429,10
Clint Barmes,1979,2003,2015,2013,34,1156,304,64,0.210526316,10
Clint Barmes,1979,2003,2015,2014,35,1225,102,25,0.245098039,10
Clint Barmes,1979,2003,2015,2015,36,1296,207,48,0.231884058,10
Tony Batista,1973,1996,2007,1996,23,529,238,71,0.298319328,11
Tony Batista,1973,1996,2007,1997,24,576,188,38,0.20212766,11
Tony Batista,1973,1996,2007,1998,25,625,293,80,0.273037543,11
Tony Batista,1973,1996,2007,1999,26,676,519,144,0.277456647,11
Tony Batista,1973,1996,2007,2000,27,729,620,163,0.262903226,11
Tony Batista,1973,1996,2007,2001,28,784,579,138,0.238341969,11
Tony Batista,1973,1996,2007,2002,29,841,615,150,0.243902439,11
Tony Batista,1973,1996,2007,2003,30,900,631,148,0.234548336,11
Tony Batista,1973,1996,2007,2004,31,961,606,146,0.240924092,11
Tony Batista,1973,1996,2007,2006,33,1089,178,42,0.235955056,11
Tony Batista,1973,1996,2007,2007,34,1156,101,26,0.257425743,11
Jose Bautista,1980,2004,2018,2006,26,676,400,94,0.235,13
Jose Bautista,1980,2004,2018,2007,27,729,532,135,0.253759398,13
Jose Bautista,1980,2004,2018,2008,28,784,370,88,0.237837838,13
Jose Bautista,1980,2004,2018,2009,29,841,336,79,0.235119048,13
Jose Bautista,1980,2004,2018,2010,30,900,569,148,0.260105448,13
Jose Bautista,1980,2004,2018,2011,31,961,513,155,0.30214425,13
Jose Bautista,1980,2004,2018,2012,32,1024,332,80,0.240963855,13
Jose Bautista,1980,2004,2018,2013,33,1089,452,117,0.258849558,13
Jose Bautista,1980,2004,2018,2014,34,1156,553,158,0.285714286,13
Jose Bautista,1980,2004,2018,2015,35,1225,543,136,0.250460405,13
Jose Bautista,1980,2004,2018,2016,36,1296,423,99,0.234042553,13
Jose Bautista,1980,2004,2018,2017,37,1369,587,119,0.202725724,13
Jose Bautista,1980,2004,2018,2018,38,1444,325,66,0.203076923,13
Jason Bay,1978,2003,2013,2004,26,676,411,116,0.282238443,10
Jason Bay,1978,2003,2013,2005,27,729,599,183,0.305509182,10
Jason Bay,1978,2003,2013,2006,28,784,570,163,0.285964912,10
Jason Bay,1978,2003,2013,2007,29,841,538,133,0.247211896,10
Jason Bay,1978,2003,2013,2008,30,900,577,165,0.285961872,10
Jason Bay,1978,2003,2013,2009,31,961,531,142,0.267419962,10
Jason Bay,1978,2003,2013,2010,32,1024,348,90,0.25862069,10
Jason Bay,1978,2003,2013,2011,33,1089,444,109,0.245495495,10
Jason Bay,1978,2003,2013,2012,34,1156,194,32,0.164948454,10
Jason Bay,1978,2003,2013,2013,35,1225,206,42,0.203883495,10
David Bell,1972,1995,2006,1995,23,529,146,36,0.246575342,12
David Bell,1972,1995,2006,1996,24,576,145,31,0.213793103,12
David Bell,1972,1995,2006,1997,25,625,142,30,0.211267606,12
David Bell,1972,1995,2006,1998,26,676,429,117,0.272727273,12
David Bell,1972,1995,2006,1999,27,729,597,160,0.2680067,12
David Bell,1972,1995,2006,2000,28,784,454,112,0.246696035,12
David Bell,1972,1995,2006,2001,29,841,470,122,0.259574468,12
David Bell,1972,1995,2006,2002,30,900,552,144,0.260869565,12
David Bell,1972,1995,2006,2003,31,961,297,58,0.195286195,12
David Bell,1972,1995,2006,2004,32,1024,533,155,0.290806754,12
David Bell,1972,1995,2006,2005,33,1089,557,138,0.247755835,12
David Bell,1972,1995,2006,2006,34,1156,504,136,0.26984127,12
Ronnie Belliard,1975,1998,2010,1999,24,576,457,135,0.295404814,12
Ronnie Belliard,1975,1998,2010,2000,25,625,571,150,0.262697023,12
Ronnie Belliard,1975,1998,2010,2001,26,676,364,96,0.263736264,12
Ronnie Belliard,1975,1998,2010,2002,27,729,289,61,0.211072664,12
Ronnie Belliard,1975,1998,2010,2003,28,784,447,124,0.277404922,12
Ronnie Belliard,1975,1998,2010,2004,29,841,599,169,0.282136895,12
Ronnie Belliard,1975,1998,2010,2005,30,900,536,152,0.28358209,12
Ronnie Belliard,1975,1998,2010,2006,31,961,544,148,0.272058824,12
Ronnie Belliard,1975,1998,2010,2007,32,1024,511,148,0.28962818,12
Ronnie Belliard,1975,1998,2010,2008,33,1089,296,85,0.287162162,12
Ronnie Belliard,1975,1998,2010,2009,34,1156,264,73,0.276515152,12
Ronnie Belliard,1975,1998,2010,2010,35,1225,162,35,0.216049383,12
Adrian Beltre,1979,1998,2018,1998,19,361,195,42,0.215384615,21
Adrian Beltre,1979,1998,2018,1999,20,400,538,148,0.275092937,21
Adrian Beltre,1979,1998,2018,2000,21,441,510,148,0.290196078,21
Adrian Beltre,1979,1998,2018,2001,22,484,475,126,0.265263158,21
Adrian Beltre,1979,1998,2018,2002,23,529,587,151,0.257240204,21
Adrian Beltre,1979,1998,2018,2003,24,576,559,134,0.239713775,21
Adrian Beltre,1979,1998,2018,2004,25,625,598,200,0.334448161,21
Adrian Beltre,1979,1998,2018,2005,26,676,603,154,0.255389718,21
Adrian Beltre,1979,1998,2018,2006,27,729,620,166,0.267741935,21
Adrian Beltre,1979,1998,2018,2007,28,784,595,164,0.275630252,21
Adrian Beltre,1979,1998,2018,2008,29,841,556,148,0.26618705,21
Adrian Beltre,1979,1998,2018,2009,30,900,449,119,0.265033408,21
Adrian Beltre,1979,1998,2018,2010,31,961,589,189,0.320882852,21
Adrian Beltre,1979,1998,2018,2011,32,1024,487,144,0.295687885,21
Adrian Beltre,1979,1998,2018,2012,33,1089,604,194,0.321192053,21
Adrian Beltre,1979,1998,2018,2013,34,1156,631,199,0.315372425,21
Adrian Beltre,1979,1998,2018,2014,35,1225,549,178,0.324225865,21
Adrian Beltre,1979,1998,2018,2015,36,1296,567,163,0.287477954,21
Adrian Beltre,1979,1998,2018,2016,37,1369,583,175,0.300171527,21
Adrian Beltre,1979,1998,2018,2017,38,1444,340,106,0.311764706,21
Adrian Beltre,1979,1998,2018,2018,39,1521,433,118,0.272517321,21
Carlos Beltran,1977,1998,2017,1999,22,484,663,194,0.292609351,19
Carlos Beltran,1977,1998,2017,2000,23,529,372,92,0.247311828,19
Carlos Beltran,1977,1998,2017,2001,24,576,617,189,0.306320908,19
Carlos Beltran,1977,1998,2017,2002,25,625,637,174,0.273155416,19
Carlos Beltran,1977,1998,2017,2003,26,676,521,160,0.307101727,19
Carlos Beltran,1977,1998,2017,2004,27,729,599,160,0.267111853,19
Carlos Beltran,1977,1998,2017,2005,28,784,582,155,0.266323024,19
Carlos Beltran,1977,1998,2017,2006,29,841,510,140,0.274509804,19
Carlos Beltran,1977,1998,2017,2007,30,900,554,153,0.276173285,19
Carlos Beltran,1977,1998,2017,2008,31,961,606,172,0.283828383,19
Carlos Beltran,1977,1998,2017,2009,32,1024,308,100,0.324675325,19
Carlos Beltran,1977,1998,2017,2010,33,1089,220,56,0.254545455,19
Carlos Beltran,1977,1998,2017,2011,34,1156,520,156,0.3,19
Carlos Beltran,1977,1998,2017,2012,35,1225,547,147,0.268738574,19
Carlos Beltran,1977,1998,2017,2013,36,1296,554,164,0.296028881,19
Carlos Beltran,1977,1998,2017,2014,37,1369,403,94,0.23325062,19
Carlos Beltran,1977,1998,2017,2015,38,1444,478,132,0.276150628,19
Carlos Beltran,1977,1998,2017,2016,39,1521,552,163,0.295289855,19
Carlos Beltran,1977,1998,2017,2017,40,1600,467,108,0.231263383,19
Lance Berkman,1976,1999,2013,2000,24,576,353,105,0.297450425,13
Lance Berkman,1976,1999,2013,2001,25,625,577,191,0.33102253,13
Lance Berkman,1976,1999,2013,2002,26,676,578,169,0.292387543,13
Lance Berkman,1976,1999,2013,2003,27,729,538,155,0.288104089,13
Lance Berkman,1976,1999,2013,2004,28,784,544,172,0.316176471,13
Lance Berkman,1976,1999,2013,2005,29,841,468,137,0.292735043,13
Lance Berkman,1976,1999,2013,2006,30,900,536,169,0.315298507,13
Lance Berkman,1976,1999,2013,2007,31,961,561,156,0.278074866,13
Lance Berkman,1976,1999,2013,2008,32,1024,554,173,0.312274368,13
Lance Berkman,1976,1999,2013,2009,33,1089,460,126,0.273913043,13
Lance Berkman,1976,1999,2013,2010,34,1156,404,100,0.247524752,13
Lance Berkman,1976,1999,2013,2011,35,1225,488,147,0.301229508,13
Lance Berkman,1976,1999,2013,2013,37,1369,256,62,0.2421875,13
Henry Blanco,1971,1997,2013,1999,28,784,263,61,0.231939163,13
Henry Blanco,1971,1997,2013,2000,29,841,284,67,0.235915493,13
Henry Blanco,1971,1997,2013,2001,30,900,314,66,0.210191083,13
Henry Blanco,1971,1997,2013,2002,31,961,221,45,0.20361991,13
Henry Blanco,1971,1997,2013,2003,32,1024,151,30,0.198675497,13
Henry Blanco,1971,1997,2013,2004,33,1089,315,65,0.206349206,13
Henry Blanco,1971,1997,2013,2005,34,1156,161,39,0.242236025,13
Henry Blanco,1971,1997,2013,2006,35,1225,241,64,0.265560166,13
Henry Blanco,1971,1997,2013,2008,37,1369,120,35,0.291666667,13
Henry Blanco,1971,1997,2013,2009,38,1444,204,48,0.235294118,13
Henry Blanco,1971,1997,2013,2010,39,1521,130,28,0.215384615,13
Henry Blanco,1971,1997,2013,2011,40,1600,100,25,0.25,13
Henry Blanco,1971,1997,2013,2013,42,1764,134,19,0.141791045,13
Willie Bloomquist,1977,2002,2015,2003,26,676,196,49,0.25,12
Willie Bloomquist,1977,2002,2015,2004,27,729,188,46,0.244680851,12
Willie Bloomquist,1977,2002,2015,2005,28,784,249,64,0.257028112,12
Willie Bloomquist,1977,2002,2015,2006,29,841,251,62,0.247011952,12
Willie Bloomquist,1977,2002,2015,2007,30,900,173,48,0.277456647,12
Willie Bloomquist,1977,2002,2015,2008,31,961,165,46,0.278787879,12
Willie Bloomquist,1977,2002,2015,2009,32,1024,434,115,0.264976959,12
Willie Bloomquist,1977,2002,2015,2010,33,1089,187,50,0.267379679,12
Willie Bloomquist,1977,2002,2015,2011,34,1156,350,93,0.265714286,12
Willie Bloomquist,1977,2002,2015,2012,35,1225,324,98,0.302469136,12
Willie Bloomquist,1977,2002,2015,2013,36,1296,139,44,0.316546763,12
Willie Bloomquist,1977,2002,2015,2014,37,1369,133,37,0.278195489,12
Geoff Blum,1973,1999,2012,1999,26,676,133,32,0.240601504,12
Geoff Blum,1973,1999,2012,2000,27,729,343,97,0.282798834,12
Geoff Blum,1973,1999,2012,2001,28,784,453,107,0.236203091,12
Geoff Blum,1973,1999,2012,2002,29,841,368,104,0.282608696,12
Geoff Blum,1973,1999,2012,2003,30,900,420,110,0.261904762,12
Geoff Blum,1973,1999,2012,2004,31,961,339,73,0.215339233,12
Geoff Blum,1973,1999,2012,2005,32,1024,319,73,0.228840125,12
Geoff Blum,1973,1999,2012,2006,33,1089,276,70,0.253623188,12
Geoff Blum,1973,1999,2012,2007,34,1156,330,83,0.251515152,12
Geoff Blum,1973,1999,2012,2008,35,1225,325,78,0.24,12
Geoff Blum,1973,1999,2012,2009,36,1296,381,94,0.24671916,12
Geoff Blum,1973,1999,2012,2010,37,1369,202,54,0.267326733,12
Aaron Boone,1973,1997,2009,1998,25,625,181,51,0.281767956,10
Aaron Boone,1973,1997,2009,1999,26,676,472,132,0.279661017,10
Aaron Boone,1973,1997,2009,2000,27,729,291,83,0.285223368,10
Aaron Boone,1973,1997,2009,2001,28,784,381,112,0.293963255,10
Aaron Boone,1973,1997,2009,2002,29,841,606,146,0.240924092,10
Aaron Boone,1973,1997,2009,2003,30,900,592,158,0.266891892,10
Aaron Boone,1973,1997,2009,2005,32,1024,511,124,0.242661448,10
Aaron Boone,1973,1997,2009,2006,33,1089,354,89,0.251412429,10
Aaron Boone,1973,1997,2009,2007,34,1156,189,54,0.285714286,10
Aaron Boone,1973,1997,2009,2008,35,1225,232,56,0.24137931,10
Milton Bradley,1978,2000,2011,2000,22,484,154,34,0.220779221,12
Milton Bradley,1978,2000,2011,2001,23,529,238,53,0.222689076,12
Milton Bradley,1978,2000,2011,2002,24,576,325,81,0.249230769,12
Milton Bradley,1978,2000,2011,2003,25,625,377,121,0.320954907,12
Milton Bradley,1978,2000,2011,2004,26,676,516,138,0.26744186,12
Milton Bradley,1978,2000,2011,2005,27,729,283,82,0.28975265,12
Milton Bradley,1978,2000,2011,2006,28,784,351,97,0.276353276,12
Milton Bradley,1978,2000,2011,2007,29,841,209,64,0.306220096,12
Milton Bradley,1978,2000,2011,2008,30,900,414,133,0.321256039,12
Milton Bradley,1978,2000,2011,2009,31,961,393,101,0.256997455,12
Milton Bradley,1978,2000,2011,2010,32,1024,244,50,0.204918033,12
Milton Bradley,1978,2000,2011,2011,33,1089,101,22,0.217821782,12
Russell Branyan,1975,1998,2011,2000,25,625,193,46,0.238341969,12
Russell Branyan,1975,1998,2011,2001,26,676,315,73,0.231746032,12
Russell Branyan,1975,1998,2011,2002,27,729,378,86,0.227513228,12
Russell Branyan,1975,1998,2011,2003,28,784,176,38,0.215909091,12
Russell Branyan,1975,1998,2011,2004,29,841,158,37,0.234177215,12
Russell Branyan,1975,1998,2011,2005,30,900,202,52,0.257425743,12
Russell Branyan,1975,1998,2011,2006,31,961,241,55,0.228215768,12
Russell Branyan,1975,1998,2011,2007,32,1024,163,32,0.196319018,12
Russell Branyan,1975,1998,2011,2008,33,1089,132,33,0.25,12
Russell Branyan,1975,1998,2011,2009,34,1156,431,108,0.250580046,12
Russell Branyan,1975,1998,2011,2010,35,1225,376,89,0.236702128,12
Russell Branyan,1975,1998,2011,2011,36,1296,127,25,0.196850394,12
John Buck,1980,2004,2014,2004,24,576,238,56,0.235294118,10
John Buck,1980,2004,2014,2005,25,625,401,97,0.241895262,10
John Buck,1980,2004,2014,2006,26,676,371,91,0.245283019,10
John Buck,1980,2004,2014,2007,27,729,347,77,0.221902017,10
John Buck,1980,2004,2014,2008,28,784,370,83,0.224324324,10
John Buck,1980,2004,2014,2009,29,841,186,46,0.247311828,10
John Buck,1980,2004,2014,2010,30,900,409,115,0.281173594,10
John Buck,1980,2004,2014,2011,31,961,466,106,0.227467811,10
John Buck,1980,2004,2014,2012,32,1024,343,66,0.192419825,10
John Buck,1980,2004,2014,2013,33,1089,392,87,0.221938776,10
Pat Burrell,1976,2000,2011,2000,24,576,408,106,0.259803922,12
Pat Burrell,1976,2000,2011,2001,25,625,539,139,0.257884972,12
Pat Burrell,1976,2000,2011,2002,26,676,586,165,0.281569966,12
Pat Burrell,1976,2000,2011,2003,27,729,522,109,0.208812261,12
Pat Burrell,1976,2000,2011,2004,28,784,448,115,0.256696429,12
Pat Burrell,1976,2000,2011,2005,29,841,562,158,0.28113879,12
Pat Burrell,1976,2000,2011,2006,30,900,462,119,0.257575758,12
Pat Burrell,1976,2000,2011,2007,31,961,472,121,0.256355932,12
Pat Burrell,1976,2000,2011,2008,32,1024,536,134,0.25,12
Pat Burrell,1976,2000,2011,2009,33,1089,412,91,0.220873786,12
Pat Burrell,1976,2000,2011,2010,34,1156,373,94,0.252010724,12
Pat Burrell,1976,2000,2011,2011,35,1225,183,42,0.229508197,12
Marlon Byrd,1977,2002,2016,2003,26,676,495,150,0.303030303,14
Marlon Byrd,1977,2002,2016,2004,27,729,346,79,0.228323699,14
Marlon Byrd,1977,2002,2016,2005,28,784,229,61,0.266375546,14
Marlon Byrd,1977,2002,2016,2006,29,841,197,44,0.223350254,14
Marlon Byrd,1977,2002,2016,2007,30,900,414,127,0.306763285,14
Marlon Byrd,1977,2002,2016,2008,31,961,403,120,0.297766749,14
Marlon Byrd,1977,2002,2016,2009,32,1024,547,155,0.283363803,14
Marlon Byrd,1977,2002,2016,2010,33,1089,580,170,0.293103448,14
Marlon Byrd,1977,2002,2016,2011,34,1156,446,123,0.275784753,14
Marlon Byrd,1977,2002,2016,2012,35,1225,143,30,0.20979021,14
Marlon Byrd,1977,2002,2016,2013,36,1296,532,155,0.291353383,14
Marlon Byrd,1977,2002,2016,2014,37,1369,591,156,0.263959391,14
Marlon Byrd,1977,2002,2016,2015,38,1444,506,125,0.247035573,14
Marlon Byrd,1977,2002,2016,2016,39,1521,115,31,0.269565217,14
Melky Cabrera,1984,2005,2019,2006,22,484,460,129,0.280434783,14
Melky Cabrera,1984,2005,2019,2007,23,529,545,149,0.273394495,14
Melky Cabrera,1984,2005,2019,2008,24,576,414,103,0.248792271,14
Melky Cabrera,1984,2005,2019,2009,25,625,485,133,0.274226804,14
Melky Cabrera,1984,2005,2019,2010,26,676,458,117,0.255458515,14
Melky Cabrera,1984,2005,2019,2011,27,729,658,201,0.305471125,14
Melky Cabrera,1984,2005,2019,2012,28,784,459,159,0.346405229,14
Melky Cabrera,1984,2005,2019,2013,29,841,344,96,0.279069767,14
Melky Cabrera,1984,2005,2019,2014,30,900,568,171,0.301056338,14
Melky Cabrera,1984,2005,2019,2015,31,961,629,172,0.273449921,14
Melky Cabrera,1984,2005,2019,2016,32,1024,591,175,0.296108291,14
Melky Cabrera,1984,2005,2019,2017,33,1089,620,177,0.285483871,14
Melky Cabrera,1984,2005,2019,2018,34,1156,250,70,0.28,14
Melky Cabrera,1984,2005,2019,2019,35,1225,378,106,0.28042328,14
Miguel Cabrera,1983,2003,,2003,20,400,314,84,0.267515924,21
Miguel Cabrera,1983,2003,,2004,21,441,603,177,0.293532338,21
Miguel Cabrera,1983,2003,,2005,22,484,613,198,0.323001631,21
Miguel Cabrera,1983,2003,,2006,23,529,576,195,0.338541667,21
Miguel Cabrera,1983,2003,,2007,24,576,588,188,0.319727891,21
Miguel Cabrera,1983,2003,,2008,25,625,616,180,0.292207792,21
Miguel Cabrera,1983,2003,,2009,26,676,611,198,0.32405892,21
Miguel Cabrera,1983,2003,,2010,27,729,548,180,0.328467153,21
Miguel Cabrera,1983,2003,,2011,28,784,572,197,0.344405594,21
Miguel Cabrera,1983,2003,,2012,29,841,622,205,0.329581994,21
Miguel Cabrera,1983,2003,,2013,30,900,555,193,0.347747748,21
Miguel Cabrera,1983,2003,,2014,31,961,611,191,0.312602291,21
Miguel Cabrera,1983,2003,,2015,32,1024,429,145,0.337995338,21
Miguel Cabrera,1983,2003,,2016,33,1089,595,188,0.315966387,21
Miguel Cabrera,1983,2003,,2017,34,1156,469,117,0.249466951,21
Miguel Cabrera,1983,2003,,2018,35,1225,134,40,0.298507463,21
Miguel Cabrera,1983,2003,,2019,36,1296,493,139,0.281947262,21
Miguel Cabrera,1983,2003,,2020,37,1369,204,51,0.25,21
Miguel Cabrera,1983,2003,,2021,38,1444,472,121,0.256355932,21
Miguel Cabrera,1983,2003,,2022,39,1521,397,101,0.25440806,21
Miguel Cabrera,1983,2003,,2023,40,1600,334,86,0.25748503,21
Orlando Cabrera,1974,1997,2011,1998,24,576,261,73,0.279693487,14
Orlando Cabrera,1974,1997,2011,1999,25,625,382,97,0.253926702,14
Orlando Cabrera,1974,1997,2011,2000,26,676,422,100,0.236966825,14
Orlando Cabrera,1974,1997,2011,2001,27,729,626,173,0.276357827,14
Orlando Cabrera,1974,1997,2011,2002,28,784,563,148,0.262877442,14
Orlando Cabrera,1974,1997,2011,2003,29,841,626,186,0.297124601,14
Orlando Cabrera,1974,1997,2011,2004,30,900,618,163,0.263754045,14
Orlando Cabrera,1974,1997,2011,2005,31,961,540,139,0.257407407,14
Orlando Cabrera,1974,1997,2011,2006,32,1024,607,171,0.281713344,14
Orlando Cabrera,1974,1997,2011,2007,33,1089,638,192,0.300940439,14
Orlando Cabrera,1974,1997,2011,2008,34,1156,661,186,0.281391831,14
Orlando Cabrera,1974,1997,2011,2009,35,1225,656,186,0.283536585,14
Orlando Cabrera,1974,1997,2011,2010,36,1296,494,130,0.263157895,14
Orlando Cabrera,1974,1997,2011,2011,37,1369,450,107,0.237777778,14
Miguel Cairo,1974,1996,2012,1998,24,576,515,138,0.267961165,14
Miguel Cairo,1974,1996,2012,1999,25,625,465,137,0.294623656,14
Miguel Cairo,1974,1996,2012,2000,26,676,375,98,0.261333333,14
Miguel Cairo,1974,1996,2012,2001,27,729,156,46,0.294871795,14
Miguel Cairo,1974,1996,2012,2002,28,784,184,46,0.25,14
Miguel Cairo,1974,1996,2012,2003,29,841,261,64,0.245210728,14
Miguel Cairo,1974,1996,2012,2004,30,900,360,105,0.291666667,14
Miguel Cairo,1974,1996,2012,2005,31,961,327,82,0.250764526,14
Miguel Cairo,1974,1996,2012,2006,32,1024,222,53,0.238738739,14
Miguel Cairo,1974,1996,2012,2007,33,1089,174,44,0.252873563,14
Miguel Cairo,1974,1996,2012,2008,34,1156,221,55,0.248868778,14
Miguel Cairo,1974,1996,2012,2010,36,1296,200,58,0.29,14
Miguel Cairo,1974,1996,2012,2011,37,1369,245,65,0.265306122,14
Miguel Cairo,1974,1996,2012,2012,38,1444,150,28,0.186666667,14
Mike Cameron,1973,1995,2011,1997,24,576,379,98,0.258575198,15
Mike Cameron,1973,1995,2011,1998,25,625,396,83,0.20959596,15
Mike Cameron,1973,1995,2011,1999,26,676,542,139,0.256457565,15
Mike Cameron,1973,1995,2011,2000,27,729,543,145,0.267034991,15
Mike Cameron,1973,1995,2011,2001,28,784,540,144,0.266666667,15
Mike Cameron,1973,1995,2011,2002,29,841,545,130,0.23853211,15
Mike Cameron,1973,1995,2011,2003,30,900,534,135,0.252808989,15
Mike Cameron,1973,1995,2011,2004,31,961,493,114,0.231237323,15
Mike Cameron,1973,1995,2011,2005,32,1024,308,84,0.272727273,15
Mike Cameron,1973,1995,2011,2006,33,1089,552,148,0.268115942,15
Mike Cameron,1973,1995,2011,2007,34,1156,571,138,0.241681261,15
Mike Cameron,1973,1995,2011,2008,35,1225,444,108,0.243243243,15
Mike Cameron,1973,1995,2011,2009,36,1296,544,136,0.25,15
Mike Cameron,1973,1995,2011,2010,37,1369,162,42,0.259259259,15
Mike Cameron,1973,1995,2011,2011,38,1444,237,48,0.202531646,15
Robinson Cano,1982,2005,2022,2005,23,529,522,155,0.296934866,17
Robinson Cano,1982,2005,2022,2006,24,576,482,165,0.342323651,17
Robinson Cano,1982,2005,2022,2007,25,625,617,189,0.306320908,17
Robinson Cano,1982,2005,2022,2008,26,676,597,162,0.271356784,17
Robinson Cano,1982,2005,2022,2009,27,729,637,204,0.320251177,17
Robinson Cano,1982,2005,2022,2010,28,784,626,200,0.319488818,17
Robinson Cano,1982,2005,2022,2011,29,841,623,188,0.30176565,17
Robinson Cano,1982,2005,2022,2012,30,900,627,196,0.312599681,17
Robinson Cano,1982,2005,2022,2013,31,961,605,190,0.314049587,17
Robinson Cano,1982,2005,2022,2014,32,1024,595,187,0.314285714,17
Robinson Cano,1982,2005,2022,2015,33,1089,624,179,0.286858974,17
Robinson Cano,1982,2005,2022,2016,34,1156,655,195,0.297709924,17
Robinson Cano,1982,2005,2022,2017,35,1225,592,166,0.280405405,17
Robinson Cano,1982,2005,2022,2018,36,1296,310,94,0.303225806,17
Robinson Cano,1982,2005,2022,2019,37,1369,390,100,0.256410256,17
Robinson Cano,1982,2005,2022,2020,38,1444,171,54,0.315789474,17
Robinson Cano,1982,2005,2022,2022,40,1600,100,15,0.15,17
Jamey Carroll,1974,2002,2013,2003,29,841,227,59,0.259911894,11
Jamey Carroll,1974,2002,2013,2004,30,900,218,63,0.288990826,11
Jamey Carroll,1974,2002,2013,2005,31,961,303,76,0.250825083,11
Jamey Carroll,1974,2002,2013,2006,32,1024,463,139,0.300215983,11
Jamey Carroll,1974,2002,2013,2007,33,1089,227,51,0.224669604,11
Jamey Carroll,1974,2002,2013,2008,34,1156,347,96,0.276657061,11
Jamey Carroll,1974,2002,2013,2009,35,1225,315,87,0.276190476,11
Jamey Carroll,1974,2002,2013,2010,36,1296,351,102,0.290598291,11
Jamey Carroll,1974,2002,2013,2011,37,1369,452,131,0.289823009,11
Jamey Carroll,1974,2002,2013,2012,38,1444,470,126,0.268085106,11
Jamey Carroll,1974,2002,2013,2013,39,1521,227,48,0.211453744,11
Sean Casey,1974,1997,2008,1998,24,576,302,82,0.271523179,11
Sean Casey,1974,1997,2008,1999,25,625,594,197,0.331649832,11
Sean Casey,1974,1997,2008,2000,26,676,480,151,0.314583333,11
Sean Casey,1974,1997,2008,2001,27,729,533,165,0.30956848,11
Sean Casey,1974,1997,2008,2002,28,784,425,111,0.261176471,11
Sean Casey,1974,1997,2008,2003,29,841,573,167,0.291448517,11
Sean Casey,1974,1997,2008,2004,30,900,571,185,0.323992995,11
Sean Casey,1974,1997,2008,2005,31,961,529,165,0.311909263,11
Sean Casey,1974,1997,2008,2006,32,1024,397,108,0.272040302,11
Sean Casey,1974,1997,2008,2007,33,1089,453,134,0.29580574,11
Sean Casey,1974,1997,2008,2008,34,1156,199,64,0.32160804,11
Luis Castillo,1975,1996,2010,1996,21,441,164,43,0.262195122,15
Luis Castillo,1975,1996,2010,1997,22,484,263,63,0.239543726,15
Luis Castillo,1975,1996,2010,1998,23,529,153,31,0.202614379,15
Luis Castillo,1975,1996,2010,1999,24,576,487,147,0.301848049,15
Luis Castillo,1975,1996,2010,2000,25,625,539,180,0.333951763,15
Luis Castillo,1975,1996,2010,2001,26,676,537,141,0.262569832,15
Luis Castillo,1975,1996,2010,2002,27,729,606,185,0.305280528,15
Luis Castillo,1975,1996,2010,2003,28,784,595,187,0.314285714,15
Luis Castillo,1975,1996,2010,2004,29,841,564,164,0.290780142,15
Luis Castillo,1975,1996,2010,2005,30,900,439,132,0.300683371,15
Luis Castillo,1975,1996,2010,2006,31,961,584,173,0.296232877,15
Luis Castillo,1975,1996,2010,2007,32,1024,548,165,0.301094891,15
Luis Castillo,1975,1996,2010,2008,33,1089,298,73,0.244966443,15
Luis Castillo,1975,1996,2010,2009,34,1156,486,147,0.302469136,15
Luis Castillo,1975,1996,2010,2010,35,1225,247,58,0.234817814,15
Juan Castro,1972,1995,2011,1996,24,576,132,26,0.196969697,11
Juan Castro,1972,1995,2011,1998,26,676,220,43,0.195454545,11
Juan Castro,1972,1995,2011,2000,28,784,224,54,0.241071429,11
Juan Castro,1972,1995,2011,2001,29,841,242,54,0.223140496,11
Juan Castro,1972,1995,2011,2003,31,961,320,81,0.253125,11
Juan Castro,1972,1995,2011,2004,32,1024,299,73,0.244147157,11
Juan Castro,1972,1995,2011,2005,33,1089,272,70,0.257352941,11
Juan Castro,1972,1995,2011,2006,34,1156,251,63,0.250996016,11
Juan Castro,1972,1995,2011,2008,36,1296,161,31,0.192546584,11
Juan Castro,1972,1995,2011,2009,37,1369,112,31,0.276785714,11
Juan Castro,1972,1995,2011,2010,38,1444,129,25,0.19379845,11
Frank Catalanotto,1974,1997,2010,1998,24,576,213,60,0.281690141,12
Frank Catalanotto,1974,1997,2010,1999,25,625,286,79,0.276223776,12
Frank Catalanotto,1974,1997,2010,2000,26,676,282,82,0.290780142,12
Frank Catalanotto,1974,1997,2010,2001,27,729,463,153,0.330453564,12
Frank Catalanotto,1974,1997,2010,2002,28,784,212,57,0.268867925,12
Frank Catalanotto,1974,1997,2010,2003,29,841,489,146,0.298568507,12
Frank Catalanotto,1974,1997,2010,2004,30,900,249,73,0.293172691,12
Frank Catalanotto,1974,1997,2010,2005,31,961,419,126,0.30071599,12
Frank Catalanotto,1974,1997,2010,2006,32,1024,437,131,0.299771167,12
Frank Catalanotto,1974,1997,2010,2007,33,1089,331,86,0.259818731,12
Frank Catalanotto,1974,1997,2010,2008,34,1156,248,68,0.274193548,12
Frank Catalanotto,1974,1997,2010,2009,35,1225,144,40,0.277777778,12
Endy Chavez,1978,2001,2014,2002,24,576,125,37,0.296,12
Endy Chavez,1978,2001,2014,2003,25,625,483,121,0.250517598,12
Endy Chavez,1978,2001,2014,2004,26,676,502,139,0.27689243,12
Endy Chavez,1978,2001,2014,2005,27,729,116,25,0.215517241,12
Endy Chavez,1978,2001,2014,2006,28,784,353,108,0.305949008,12
Endy Chavez,1978,2001,2014,2007,29,841,150,43,0.286666667,12
Endy Chavez,1978,2001,2014,2008,30,900,270,72,0.266666667,12
Endy Chavez,1978,2001,2014,2009,31,961,161,44,0.273291925,12
Endy Chavez,1978,2001,2014,2011,33,1089,256,77,0.30078125,12
Endy Chavez,1978,2001,2014,2012,34,1156,158,32,0.202531646,12
Endy Chavez,1978,2001,2014,2013,35,1225,266,71,0.266917293,12
Endy Chavez,1978,2001,2014,2014,36,1296,232,64,0.275862069,12
Eric Chavez,1977,1998,2014,1999,22,484,356,88,0.247191011,13
Eric Chavez,1977,1998,2014,2000,23,529,501,139,0.27744511,13
Eric Chavez,1977,1998,2014,2001,24,576,552,159,0.288043478,13
Eric Chavez,1977,1998,2014,2002,25,625,585,161,0.275213675,13
Eric Chavez,1977,1998,2014,2003,26,676,588,166,0.282312925,13
Eric Chavez,1977,1998,2014,2004,27,729,475,131,0.275789474,13
Eric Chavez,1977,1998,2014,2005,28,784,625,168,0.2688,13
Eric Chavez,1977,1998,2014,2006,29,841,485,117,0.241237113,13
Eric Chavez,1977,1998,2014,2007,30,900,341,82,0.240469208,13
Eric Chavez,1977,1998,2014,2010,33,1089,111,26,0.234234234,13
Eric Chavez,1977,1998,2014,2011,34,1156,160,42,0.2625,13
Eric Chavez,1977,1998,2014,2012,35,1225,278,78,0.28057554,13
Eric Chavez,1977,1998,2014,2013,36,1296,228,64,0.280701754,13
Shin-Soo Choo,1982,2005,2020,2006,24,576,157,44,0.280254777,14
Shin-Soo Choo,1982,2005,2020,2008,26,676,317,98,0.309148265,14
Shin-Soo Choo,1982,2005,2020,2009,27,729,583,175,0.300171527,14
Shin-Soo Choo,1982,2005,2020,2010,28,784,550,165,0.3,14
Shin-Soo Choo,1982,2005,2020,2011,29,841,313,81,0.258785942,14
Shin-Soo Choo,1982,2005,2020,2012,30,900,598,169,0.282608696,14
Shin-Soo Choo,1982,2005,2020,2013,31,961,569,162,0.284710018,14
Shin-Soo Choo,1982,2005,2020,2014,32,1024,455,110,0.241758242,14
Shin-Soo Choo,1982,2005,2020,2015,33,1089,555,153,0.275675676,14
Shin-Soo Choo,1982,2005,2020,2016,34,1156,178,43,0.241573034,14
Shin-Soo Choo,1982,2005,2020,2017,35,1225,544,142,0.261029412,14
Shin-Soo Choo,1982,2005,2020,2018,36,1296,560,148,0.264285714,14
Shin-Soo Choo,1982,2005,2020,2019,37,1369,563,149,0.264653641,14
Shin-Soo Choo,1982,2005,2020,2020,38,1444,110,26,0.236363636,14
Tony Clark,1972,1995,2009,1995,23,529,101,24,0.237623762,14
Tony Clark,1972,1995,2009,1996,24,576,376,94,0.25,14
Tony Clark,1972,1995,2009,1997,25,625,580,160,0.275862069,14
Tony Clark,1972,1995,2009,1998,26,676,602,175,0.290697674,14
Tony Clark,1972,1995,2009,1999,27,729,536,150,0.279850746,14
Tony Clark,1972,1995,2009,2000,28,784,208,57,0.274038462,14
Tony Clark,1972,1995,2009,2001,29,841,428,123,0.287383178,14
Tony Clark,1972,1995,2009,2002,30,900,275,57,0.207272727,14
Tony Clark,1972,1995,2009,2003,31,961,254,59,0.232283465,14
Tony Clark,1972,1995,2009,2004,32,1024,253,56,0.221343874,14
Tony Clark,1972,1995,2009,2005,33,1089,349,106,0.303724928,14
Tony Clark,1972,1995,2009,2006,34,1156,132,26,0.196969697,14
Tony Clark,1972,1995,2009,2007,35,1225,221,55,0.248868778,14
Tony Clark,1972,1995,2009,2008,36,1296,151,34,0.225165563,14
Alex Cora,1975,1998,2011,2000,25,625,353,84,0.23796034,12
Alex Cora,1975,1998,2011,2001,26,676,405,88,0.217283951,12
Alex Cora,1975,1998,2011,2002,27,729,258,75,0.290697674,12
Alex Cora,1975,1998,2011,2003,28,784,477,119,0.249475891,12
Alex Cora,1975,1998,2011,2004,29,841,405,107,0.264197531,12
Alex Cora,1975,1998,2011,2005,30,900,250,58,0.232,12
Alex Cora,1975,1998,2011,2006,31,961,235,56,0.238297872,12
Alex Cora,1975,1998,2011,2007,32,1024,207,51,0.246376812,12
Alex Cora,1975,1998,2011,2008,33,1089,152,41,0.269736842,12
Alex Cora,1975,1998,2011,2009,34,1156,271,68,0.250922509,12
Alex Cora,1975,1998,2011,2010,35,1225,176,37,0.210227273,12
Alex Cora,1975,1998,2011,2011,36,1296,156,35,0.224358974,12
Craig Counsell,1970,1995,2011,1997,27,729,164,49,0.298780488,15
Craig Counsell,1970,1995,2011,1998,28,784,335,84,0.250746269,15
Craig Counsell,1970,1995,2011,1999,29,841,174,38,0.218390805,15
Craig Counsell,1970,1995,2011,2000,30,900,152,48,0.315789474,15
Craig Counsell,1970,1995,2011,2001,31,961,458,126,0.27510917,15
Craig Counsell,1970,1995,2011,2002,32,1024,436,123,0.282110092,15
Craig Counsell,1970,1995,2011,2003,33,1089,303,71,0.234323432,15
Craig Counsell,1970,1995,2011,2004,34,1156,473,114,0.241014799,15
Craig Counsell,1970,1995,2011,2005,35,1225,578,148,0.256055363,15
Craig Counsell,1970,1995,2011,2006,36,1296,372,95,0.255376344,15
Craig Counsell,1970,1995,2011,2007,37,1369,282,62,0.219858156,15
Craig Counsell,1970,1995,2011,2008,38,1444,248,56,0.225806452,15
Craig Counsell,1970,1995,2011,2009,39,1521,404,115,0.284653465,15
Craig Counsell,1970,1995,2011,2010,40,1600,204,51,0.25,15
Craig Counsell,1970,1995,2011,2011,41,1681,157,28,0.178343949,15
Carl Crawford,1981,2002,2016,2002,21,441,259,67,0.258687259,14
Carl Crawford,1981,2002,2016,2003,22,484,630,177,0.280952381,14
Carl Crawford,1981,2002,2016,2004,23,529,626,185,0.295527157,14
Carl Crawford,1981,2002,2016,2005,24,576,644,194,0.301242236,14
Carl Crawford,1981,2002,2016,2006,25,625,600,183,0.305,14
Carl Crawford,1981,2002,2016,2007,26,676,584,184,0.315068493,14
Carl Crawford,1981,2002,2016,2008,27,729,443,121,0.273137698,14
Carl Crawford,1981,2002,2016,2009,28,784,606,185,0.305280528,14
Carl Crawford,1981,2002,2016,2010,29,841,600,184,0.306666667,14
Carl Crawford,1981,2002,2016,2011,30,900,506,129,0.254940711,14
Carl Crawford,1981,2002,2016,2012,31,961,117,33,0.282051282,14
Carl Crawford,1981,2002,2016,2013,32,1024,435,123,0.282758621,14
Carl Crawford,1981,2002,2016,2014,33,1089,343,103,0.300291545,14
Carl Crawford,1981,2002,2016,2015,34,1156,181,48,0.26519337,14
Coco Crisp,1979,2002,2016,2002,23,529,127,33,0.25984252,15
Coco Crisp,1979,2002,2016,2003,24,576,414,110,0.265700483,15
Coco Crisp,1979,2002,2016,2004,25,625,491,146,0.297352342,15
Coco Crisp,1979,2002,2016,2005,26,676,594,178,0.2996633,15
Coco Crisp,1979,2002,2016,2006,27,729,413,109,0.263922518,15
Coco Crisp,1979,2002,2016,2007,28,784,526,141,0.268060837,15
Coco Crisp,1979,2002,2016,2008,29,841,361,102,0.282548476,15
Coco Crisp,1979,2002,2016,2009,30,900,180,41,0.227777778,15
Coco Crisp,1979,2002,2016,2010,31,961,290,81,0.279310345,15
Coco Crisp,1979,2002,2016,2011,32,1024,531,140,0.263653484,15
Coco Crisp,1979,2002,2016,2012,33,1089,455,118,0.259340659,15
Coco Crisp,1979,2002,2016,2013,34,1156,513,134,0.261208577,15
Coco Crisp,1979,2002,2016,2014,35,1225,463,114,0.246220302,15
Coco Crisp,1979,2002,2016,2015,36,1296,126,22,0.174603175,15
Coco Crisp,1979,2002,2016,2016,37,1369,446,103,0.230941704,15
Jose Cruz,1974,1997,2008,1997,23,529,395,98,0.248101266,11
Jose Cruz,1974,1997,2008,1998,24,576,352,89,0.252840909,11
Jose Cruz,1974,1997,2008,1999,25,625,349,84,0.240687679,11
Jose Cruz,1974,1997,2008,2000,26,676,603,146,0.24212272,11
Jose Cruz,1974,1997,2008,2001,27,729,577,158,0.273830156,11
Jose Cruz,1974,1997,2008,2002,28,784,466,114,0.244635193,11
Jose Cruz,1974,1997,2008,2003,29,841,539,135,0.250463822,11
Jose Cruz,1974,1997,2008,2004,30,900,545,132,0.242201835,11
Jose Cruz,1974,1997,2008,2005,31,961,370,93,0.251351351,11
Jose Cruz,1974,1997,2008,2006,32,1024,223,52,0.233183857,11
Jose Cruz,1974,1997,2008,2007,33,1089,256,60,0.234375,11
Nelson Cruz,1980,2005,2023,2006,26,676,130,29,0.223076923,18
Nelson Cruz,1980,2005,2023,2007,27,729,307,72,0.234527687,18
Nelson Cruz,1980,2005,2023,2008,28,784,115,38,0.330434783,18
Nelson Cruz,1980,2005,2023,2009,29,841,462,120,0.25974026,18
Nelson Cruz,1980,2005,2023,2010,30,900,399,127,0.318295739,18
Nelson Cruz,1980,2005,2023,2011,31,961,475,125,0.263157895,18
Nelson Cruz,1980,2005,2023,2012,32,1024,585,152,0.25982906,18
Nelson Cruz,1980,2005,2023,2013,33,1089,413,110,0.266343826,18
Nelson Cruz,1980,2005,2023,2014,34,1156,613,166,0.270799347,18
Nelson Cruz,1980,2005,2023,2015,35,1225,590,178,0.301694915,18
Nelson Cruz,1980,2005,2023,2016,36,1296,589,169,0.286926995,18
Nelson Cruz,1980,2005,2023,2017,37,1369,556,160,0.287769784,18
Nelson Cruz,1980,2005,2023,2018,38,1444,519,133,0.256262042,18
Nelson Cruz,1980,2005,2023,2019,39,1521,454,141,0.310572687,18
Nelson Cruz,1980,2005,2023,2020,40,1600,185,56,0.302702703,18
Nelson Cruz,1980,2005,2023,2021,41,1681,513,136,0.265107212,18
Nelson Cruz,1980,2005,2023,2022,42,1764,448,105,0.234375,18
Nelson Cruz,1980,2005,2023,2023,43,1849,143,35,0.244755245,18
Michael Cuddyer,1979,2001,2015,2002,23,529,112,29,0.258928571,14
Michael Cuddyer,1979,2001,2015,2003,24,576,102,25,0.245098039,14
Michael Cuddyer,1979,2001,2015,2004,25,625,339,89,0.262536873,14
Michael Cuddyer,1979,2001,2015,2005,26,676,422,111,0.263033175,14
Michael Cuddyer,1979,2001,2015,2006,27,729,557,158,0.283662478,14
Michael Cuddyer,1979,2001,2015,2007,28,784,547,151,0.276051188,14
Michael Cuddyer,1979,2001,2015,2008,29,841,249,62,0.248995984,14
Michael Cuddyer,1979,2001,2015,2009,30,900,588,162,0.275510204,14
Michael Cuddyer,1979,2001,2015,2010,31,961,609,165,0.270935961,14
Michael Cuddyer,1979,2001,2015,2011,32,1024,529,150,0.283553875,14
Michael Cuddyer,1979,2001,2015,2012,33,1089,358,93,0.259776536,14
Michael Cuddyer,1979,2001,2015,2013,34,1156,489,162,0.331288344,14
Michael Cuddyer,1979,2001,2015,2014,35,1225,190,63,0.331578947,14
Michael Cuddyer,1979,2001,2015,2015,36,1296,379,98,0.258575198,14
Johnny Damon,1973,1995,2012,1995,22,484,188,53,0.281914894,18
Johnny Damon,1973,1995,2012,1996,23,529,517,140,0.270793037,18
Johnny Damon,1973,1995,2012,1997,24,576,472,130,0.275423729,18
Johnny Damon,1973,1995,2012,1998,25,625,642,178,0.277258567,18
Johnny Damon,1973,1995,2012,1999,26,676,583,179,0.30703259,18
Johnny Damon,1973,1995,2012,2000,27,729,655,214,0.326717557,18
Johnny Damon,1973,1995,2012,2001,28,784,644,165,0.25621118,18
Johnny Damon,1973,1995,2012,2002,29,841,623,178,0.285714286,18
Johnny Damon,1973,1995,2012,2003,30,900,608,166,0.273026316,18
Johnny Damon,1973,1995,2012,2004,31,961,621,189,0.304347826,18
Johnny Damon,1973,1995,2012,2005,32,1024,624,197,0.315705128,18
Johnny Damon,1973,1995,2012,2006,33,1089,593,169,0.284991568,18
Johnny Damon,1973,1995,2012,2007,34,1156,533,144,0.270168856,18
Johnny Damon,1973,1995,2012,2008,35,1225,555,168,0.302702703,18
Johnny Damon,1973,1995,2012,2009,36,1296,550,155,0.281818182,18
Johnny Damon,1973,1995,2012,2010,37,1369,539,146,0.270871985,18
Johnny Damon,1973,1995,2012,2011,38,1444,582,152,0.261168385,18
Johnny Damon,1973,1995,2012,2012,39,1521,207,46,0.222222222,18
David DeJesus,1979,2003,2015,2004,25,625,363,104,0.286501377,12
David DeJesus,1979,2003,2015,2005,26,676,461,135,0.292841649,12
David DeJesus,1979,2003,2015,2006,27,729,491,145,0.295315682,12
David DeJesus,1979,2003,2015,2007,28,784,605,157,0.259504132,12
David DeJesus,1979,2003,2015,2008,29,841,518,159,0.306949807,12
David DeJesus,1979,2003,2015,2009,30,900,558,157,0.281362007,12
David DeJesus,1979,2003,2015,2010,31,961,352,112,0.318181818,12
David DeJesus,1979,2003,2015,2011,32,1024,442,106,0.239819005,12
David DeJesus,1979,2003,2015,2012,33,1089,506,133,0.26284585,12
David DeJesus,1979,2003,2015,2013,34,1156,391,98,0.250639386,12
David DeJesus,1979,2003,2015,2014,35,1225,238,59,0.24789916,12
David DeJesus,1979,2003,2015,2015,36,1296,288,67,0.232638889,12
David Dellucci,1973,1997,2009,1998,25,625,416,108,0.259615385,10
David Dellucci,1973,1997,2009,1999,26,676,109,43,0.394495413,10
David Dellucci,1973,1997,2009,2001,28,784,217,60,0.276497696,10
David Dellucci,1973,1997,2009,2002,29,841,229,56,0.244541485,10
David Dellucci,1973,1997,2009,2003,30,900,216,49,0.226851852,10
David Dellucci,1973,1997,2009,2004,31,961,331,80,0.241691843,10
David Dellucci,1973,1997,2009,2005,32,1024,435,109,0.250574713,10
David Dellucci,1973,1997,2009,2006,33,1089,264,77,0.291666667,10
David Dellucci,1973,1997,2009,2007,34,1156,178,41,0.230337079,10
David Dellucci,1973,1997,2009,2008,35,1225,336,80,0.238095238,10
Mark DeRosa,1975,1998,2013,2001,26,676,164,47,0.286585366,10
Mark DeRosa,1975,1998,2013,2002,27,729,212,63,0.297169811,10
Mark DeRosa,1975,1998,2013,2003,28,784,266,70,0.263157895,10
Mark DeRosa,1975,1998,2013,2004,29,841,309,74,0.239482201,10
Mark DeRosa,1975,1998,2013,2005,30,900,148,36,0.243243243,10
Mark DeRosa,1975,1998,2013,2006,31,961,520,154,0.296153846,10
Mark DeRosa,1975,1998,2013,2007,32,1024,502,147,0.292828685,10
Mark DeRosa,1975,1998,2013,2008,33,1089,505,144,0.285148515,10
Mark DeRosa,1975,1998,2013,2009,34,1156,515,129,0.250485437,10
Mark DeRosa,1975,1998,2013,2013,38,1444,204,48,0.235294118,10
Ryan Doumit,1981,2005,2014,2005,24,576,231,59,0.255411255,10
Ryan Doumit,1981,2005,2014,2006,25,625,149,31,0.208053691,10
Ryan Doumit,1981,2005,2014,2007,26,676,252,69,0.273809524,10
Ryan Doumit,1981,2005,2014,2008,27,729,431,137,0.317865429,10
Ryan Doumit,1981,2005,2014,2009,28,784,280,70,0.25,10
Ryan Doumit,1981,2005,2014,2010,29,841,406,102,0.251231527,10
Ryan Doumit,1981,2005,2014,2011,30,900,218,66,0.302752294,10
Ryan Doumit,1981,2005,2014,2012,31,961,484,133,0.274793388,10
Ryan Doumit,1981,2005,2014,2013,32,1024,485,120,0.24742268,10
Ryan Doumit,1981,2005,2014,2014,33,1089,157,31,0.197452229,10
J. D. Drew,1975,1998,2011,1999,24,576,368,89,0.241847826,13
J. D. Drew,1975,1998,2011,2000,25,625,407,120,0.294840295,13
J. D. Drew,1975,1998,2011,2001,26,676,375,121,0.322666667,13
J. D. Drew,1975,1998,2011,2002,27,729,424,107,0.252358491,13
J. D. Drew,1975,1998,2011,2003,28,784,287,83,0.289198606,13
J. D. Drew,1975,1998,2011,2004,29,841,518,158,0.305019305,13
J. D. Drew,1975,1998,2011,2005,30,900,252,72,0.285714286,13
J. D. Drew,1975,1998,2011,2006,31,961,494,140,0.28340081,13
J. D. Drew,1975,1998,2011,2007,32,1024,466,126,0.270386266,13
J. D. Drew,1975,1998,2011,2008,33,1089,368,103,0.279891304,13
J. D. Drew,1975,1998,2011,2009,34,1156,452,126,0.278761062,13
J. D. Drew,1975,1998,2011,2010,35,1225,478,122,0.255230126,13
J. D. Drew,1975,1998,2011,2011,36,1296,248,55,0.221774194,13
Adam Dunn,1979,2001,2014,2001,22,484,244,64,0.262295082,14
Adam Dunn,1979,2001,2014,2002,23,529,535,133,0.248598131,14
Adam Dunn,1979,2001,2014,2003,24,576,381,82,0.215223097,14
Adam Dunn,1979,2001,2014,2004,25,625,568,151,0.26584507,14
Adam Dunn,1979,2001,2014,2005,26,676,543,134,0.246777164,14
Adam Dunn,1979,2001,2014,2006,27,729,561,131,0.233511586,14
Adam Dunn,1979,2001,2014,2007,28,784,522,138,0.264367816,14
Adam Dunn,1979,2001,2014,2008,29,841,517,122,0.235976789,14
Adam Dunn,1979,2001,2014,2009,30,900,546,146,0.267399267,14
Adam Dunn,1979,2001,2014,2010,31,961,558,145,0.259856631,14
Adam Dunn,1979,2001,2014,2011,32,1024,415,66,0.159036145,14
Adam Dunn,1979,2001,2014,2012,33,1089,539,110,0.204081633,14
Adam Dunn,1979,2001,2014,2013,34,1156,525,115,0.219047619,14
Adam Dunn,1979,2001,2014,2014,35,1225,429,94,0.219114219,14
Ray Durham,1971,1995,2008,1995,24,576,471,121,0.256900212,14
Ray Durham,1971,1995,2008,1996,25,625,557,153,0.274685817,14
Ray Durham,1971,1995,2008,1997,26,676,634,172,0.271293375,14
Ray Durham,1971,1995,2008,1998,27,729,635,181,0.28503937,14
Ray Durham,1971,1995,2008,1999,28,784,612,181,0.295751634,14
Ray Durham,1971,1995,2008,2000,29,841,614,172,0.280130293,14
Ray Durham,1971,1995,2008,2001,30,900,611,163,0.266775777,14
Ray Durham,1971,1995,2008,2002,31,961,564,163,0.289007092,14
Ray Durham,1971,1995,2008,2003,32,1024,410,117,0.285365854,14
Ray Durham,1971,1995,2008,2004,33,1089,471,133,0.282377919,14
Ray Durham,1971,1995,2008,2005,34,1156,497,144,0.289738431,14
Ray Durham,1971,1995,2008,2006,35,1225,498,146,0.293172691,14
Ray Durham,1971,1995,2008,2007,36,1296,464,101,0.217672414,14
Ray Durham,1971,1995,2008,2008,37,1369,370,107,0.289189189,14
Jermaine Dye,1974,1996,2009,1996,22,484,292,82,0.280821918,14
Jermaine Dye,1974,1996,2009,1997,23,529,263,62,0.235741445,14
Jermaine Dye,1974,1996,2009,1998,24,576,214,50,0.23364486,14
Jermaine Dye,1974,1996,2009,1999,25,625,608,179,0.294407895,14
Jermaine Dye,1974,1996,2009,2000,26,676,601,193,0.321131448,14
Jermaine Dye,1974,1996,2009,2001,27,729,599,169,0.282136895,14
Jermaine Dye,1974,1996,2009,2002,28,784,488,123,0.25204918,14
Jermaine Dye,1974,1996,2009,2003,29,841,221,38,0.171945701,14
Jermaine Dye,1974,1996,2009,2004,30,900,532,141,0.265037594,14
Jermaine Dye,1974,1996,2009,2005,31,961,529,145,0.274102079,14
Jermaine Dye,1974,1996,2009,2006,32,1024,539,170,0.315398887,14
Jermaine Dye,1974,1996,2009,2007,33,1089,508,129,0.253937008,14
Jermaine Dye,1974,1996,2009,2008,34,1156,590,172,0.291525424,14
Jermaine Dye,1974,1996,2009,2009,35,1225,503,126,0.250497018,14
David Eckstein,1975,2001,2010,2001,26,676,582,166,0.285223368,10
David Eckstein,1975,2001,2010,2002,27,729,608,178,0.292763158,10
David Eckstein,1975,2001,2010,2003,28,784,452,114,0.252212389,10
David Eckstein,1975,2001,2010,2004,29,841,566,156,0.275618375,10
David Eckstein,1975,2001,2010,2005,30,900,630,185,0.293650794,10
David Eckstein,1975,2001,2010,2006,31,961,500,146,0.292,10
David Eckstein,1975,2001,2010,2007,32,1024,434,134,0.30875576,10
David Eckstein,1975,2001,2010,2008,33,1089,324,86,0.265432099,10
David Eckstein,1975,2001,2010,2009,34,1156,503,131,0.260437376,10
David Eckstein,1975,2001,2010,2010,35,1225,442,118,0.266968326,10
Mark Ellis,1977,2002,2014,2002,25,625,345,94,0.272463768,12
Mark Ellis,1977,2002,2014,2003,26,676,553,137,0.247739602,12
Mark Ellis,1977,2002,2014,2005,28,784,434,137,0.315668203,12
Mark Ellis,1977,2002,2014,2006,29,841,441,110,0.249433107,12
Mark Ellis,1977,2002,2014,2007,30,900,583,161,0.276157804,12
Mark Ellis,1977,2002,2014,2008,31,961,442,103,0.233031674,12
Mark Ellis,1977,2002,2014,2009,32,1024,377,99,0.262599469,12
Mark Ellis,1977,2002,2014,2010,33,1089,436,127,0.291284404,12
Mark Ellis,1977,2002,2014,2011,34,1156,480,119,0.247916667,12
Mark Ellis,1977,2002,2014,2012,35,1225,415,107,0.257831325,12
Mark Ellis,1977,2002,2014,2013,36,1296,433,117,0.270207852,12
Mark Ellis,1977,2002,2014,2014,37,1369,178,32,0.179775281,12
Edwin Encarnacion,1983,2005,2020,2005,22,484,211,49,0.232227488,16
Edwin Encarnacion,1983,2005,2020,2006,23,529,406,112,0.275862069,16
Edwin Encarnacion,1983,2005,2020,2007,24,576,502,145,0.288844622,16
Edwin Encarnacion,1983,2005,2020,2008,25,625,506,127,0.250988142,16
Edwin Encarnacion,1983,2005,2020,2009,26,676,293,66,0.225255973,16
Edwin Encarnacion,1983,2005,2020,2010,27,729,332,81,0.243975904,16
Edwin Encarnacion,1983,2005,2020,2011,28,784,481,131,0.272349272,16
Edwin Encarnacion,1983,2005,2020,2012,29,841,542,152,0.280442804,16
Edwin Encarnacion,1983,2005,2020,2013,30,900,530,144,0.271698113,16
Edwin Encarnacion,1983,2005,2020,2014,31,961,477,128,0.268343816,16
Edwin Encarnacion,1983,2005,2020,2015,32,1024,528,146,0.276515152,16
Edwin Encarnacion,1983,2005,2020,2016,33,1089,601,158,0.262895175,16
Edwin Encarnacion,1983,2005,2020,2017,34,1156,554,143,0.258122744,16
Edwin Encarnacion,1983,2005,2020,2018,35,1225,500,123,0.246,16
Edwin Encarnacion,1983,2005,2020,2019,36,1296,418,102,0.244019139,16
Edwin Encarnacion,1983,2005,2020,2020,37,1369,159,25,0.157232704,16
Juan Encarnacion,1976,1997,2007,1998,22,484,164,54,0.329268293,10
Juan Encarnacion,1976,1997,2007,1999,23,529,509,130,0.25540275,10
Juan Encarnacion,1976,1997,2007,2000,24,576,547,158,0.288848263,10
Juan Encarnacion,1976,1997,2007,2001,25,625,417,101,0.242206235,10
Juan Encarnacion,1976,1997,2007,2002,26,676,584,158,0.270547945,10
Juan Encarnacion,1976,1997,2007,2003,27,729,601,162,0.269550749,10
Juan Encarnacion,1976,1997,2007,2004,28,784,484,114,0.23553719,10
Juan Encarnacion,1976,1997,2007,2005,29,841,506,145,0.286561265,10
Juan Encarnacion,1976,1997,2007,2006,30,900,557,155,0.278276481,10
Juan Encarnacion,1976,1997,2007,2007,31,961,283,80,0.282685512,10
Darin Erstad,1974,1996,2009,1996,22,484,208,59,0.283653846,13
Darin Erstad,1974,1996,2009,1997,23,529,539,161,0.298701299,13
Darin Erstad,1974,1996,2009,1998,24,576,537,159,0.296089385,13
Darin Erstad,1974,1996,2009,1999,25,625,585,148,0.252991453,13
Darin Erstad,1974,1996,2009,2000,26,676,676,240,0.355029586,13
Darin Erstad,1974,1996,2009,2001,27,729,631,163,0.258320127,13
Darin Erstad,1974,1996,2009,2002,28,784,625,177,0.2832,13
Darin Erstad,1974,1996,2009,2003,29,841,258,65,0.251937984,13
Darin Erstad,1974,1996,2009,2004,30,900,495,146,0.294949495,13
Darin Erstad,1974,1996,2009,2005,31,961,609,166,0.272577997,13
Darin Erstad,1974,1996,2009,2007,33,1089,310,77,0.248387097,13
Darin Erstad,1974,1996,2009,2008,34,1156,322,89,0.276397516,13
Darin Erstad,1974,1996,2009,2009,35,1225,134,26,0.194029851,13
Pedro Feliz,1975,2000,2010,2001,26,676,220,50,0.227272727,10
Pedro Feliz,1975,2000,2010,2002,27,729,146,37,0.253424658,10
Pedro Feliz,1975,2000,2010,2003,28,784,235,58,0.246808511,10
Pedro Feliz,1975,2000,2010,2004,29,841,503,139,0.276341948,10
Pedro Feliz,1975,2000,2010,2005,30,900,569,142,0.249560633,10
Pedro Feliz,1975,2000,2010,2006,31,961,603,147,0.243781095,10
Pedro Feliz,1975,2000,2010,2007,32,1024,557,141,0.253141831,10
Pedro Feliz,1975,2000,2010,2008,33,1089,425,106,0.249411765,10
Pedro Feliz,1975,2000,2010,2009,34,1156,580,154,0.265517241,10
Pedro Feliz,1975,2000,2010,2010,35,1225,409,89,0.217603912,10
Prince Fielder,1984,2005,2016,2006,22,484,569,154,0.270650264,11
Prince Fielder,1984,2005,2016,2007,23,529,573,165,0.287958115,11
Prince Fielder,1984,2005,2016,2008,24,576,588,162,0.275510204,11
Prince Fielder,1984,2005,2016,2009,25,625,591,177,0.299492386,11
Prince Fielder,1984,2005,2016,2010,26,676,578,151,0.261245675,11
Prince Fielder,1984,2005,2016,2011,27,729,569,170,0.298769772,11
Prince Fielder,1984,2005,2016,2012,28,784,581,182,0.313253012,11
Prince Fielder,1984,2005,2016,2013,29,841,624,174,0.278846154,11
Prince Fielder,1984,2005,2016,2014,30,900,150,37,0.246666667,11
Prince Fielder,1984,2005,2016,2015,31,961,613,187,0.305057096,11
Prince Fielder,1984,2005,2016,2016,32,1024,326,69,0.211656442,11
Chone Figgins,1978,2002,2014,2003,25,625,240,71,0.295833333,10
Chone Figgins,1978,2002,2014,2004,26,676,577,171,0.296360485,10
Chone Figgins,1978,2002,2014,2005,27,729,642,186,0.289719626,10
Chone Figgins,1978,2002,2014,2006,28,784,604,161,0.266556291,10
Chone Figgins,1978,2002,2014,2007,29,841,442,146,0.330316742,10
Chone Figgins,1978,2002,2014,2008,30,900,453,125,0.27593819,10
Chone Figgins,1978,2002,2014,2009,31,961,615,183,0.297560976,10
Chone Figgins,1978,2002,2014,2010,32,1024,602,156,0.259136213,10
Chone Figgins,1978,2002,2014,2011,33,1089,288,54,0.1875,10
Chone Figgins,1978,2002,2014,2012,34,1156,166,30,0.180722892,10
Jeff Francoeur,1984,2005,2016,2005,21,441,257,77,0.299610895,11
Jeff Francoeur,1984,2005,2016,2006,22,484,651,169,0.259600614,11
Jeff Francoeur,1984,2005,2016,2007,23,529,642,188,0.292834891,11
Jeff Francoeur,1984,2005,2016,2008,24,576,599,143,0.238731219,11
Jeff Francoeur,1984,2005,2016,2009,25,625,593,166,0.279932546,11
Jeff Francoeur,1984,2005,2016,2010,26,676,454,113,0.248898678,11
Jeff Francoeur,1984,2005,2016,2011,27,729,601,171,0.28452579,11
Jeff Francoeur,1984,2005,2016,2012,28,784,561,132,0.235294118,11
Jeff Francoeur,1984,2005,2016,2013,29,841,245,50,0.204081633,11
Jeff Francoeur,1984,2005,2016,2015,31,961,326,84,0.257668712,11
Jeff Francoeur,1984,2005,2016,2016,32,1024,307,78,0.254071661,11
Rafael Furcal,1977,2000,2014,2000,23,529,455,134,0.294505495,13
Rafael Furcal,1977,2000,2014,2001,24,576,324,89,0.274691358,13
Rafael Furcal,1977,2000,2014,2002,25,625,636,175,0.275157233,13
Rafael Furcal,1977,2000,2014,2003,26,676,664,194,0.292168675,13
Rafael Furcal,1977,2000,2014,2004,27,729,563,157,0.278863233,13
Rafael Furcal,1977,2000,2014,2005,28,784,616,175,0.284090909,13
Rafael Furcal,1977,2000,2014,2006,29,841,654,196,0.29969419,13
Rafael Furcal,1977,2000,2014,2007,30,900,581,157,0.270223752,13
Rafael Furcal,1977,2000,2014,2008,31,961,143,51,0.356643357,13
Rafael Furcal,1977,2000,2014,2009,32,1024,613,165,0.269168026,13
Rafael Furcal,1977,2000,2014,2010,33,1089,383,115,0.300261097,13
Rafael Furcal,1977,2000,2014,2011,34,1156,333,77,0.231231231,13
Rafael Furcal,1977,2000,2014,2012,35,1225,477,126,0.264150943,13
Nomar Garciaparra,1973,1996,2009,1997,24,576,684,209,0.305555556,12
Nomar Garciaparra,1973,1996,2009,1998,25,625,604,195,0.322847682,12
Nomar Garciaparra,1973,1996,2009,1999,26,676,532,190,0.357142857,12
Nomar Garciaparra,1973,1996,2009,2000,27,729,529,197,0.372400756,12
Nomar Garciaparra,1973,1996,2009,2002,29,841,635,197,0.31023622,12
Nomar Garciaparra,1973,1996,2009,2003,30,900,658,198,0.300911854,12
Nomar Garciaparra,1973,1996,2009,2004,31,961,321,99,0.308411215,12
Nomar Garciaparra,1973,1996,2009,2005,32,1024,230,65,0.282608696,12
Nomar Garciaparra,1973,1996,2009,2006,33,1089,469,142,0.302771855,12
Nomar Garciaparra,1973,1996,2009,2007,34,1156,431,122,0.283062645,12
Nomar Garciaparra,1973,1996,2009,2008,35,1225,163,43,0.263803681,12
Nomar Garciaparra,1973,1996,2009,2009,36,1296,160,45,0.28125,12
Jason Giambi,1971,1995,2014,1995,24,576,176,45,0.255681818,18
Jason Giambi,1971,1995,2014,1996,25,625,536,156,0.291044776,18
Jason Giambi,1971,1995,2014,1997,26,676,519,152,0.292870906,18
Jason Giambi,1971,1995,2014,1998,27,729,562,166,0.295373665,18
Jason Giambi,1971,1995,2014,1999,28,784,575,181,0.314782609,18
Jason Giambi,1971,1995,2014,2000,29,841,510,170,0.333333333,18
Jason Giambi,1971,1995,2014,2001,30,900,520,178,0.342307692,18
Jason Giambi,1971,1995,2014,2002,31,961,560,176,0.314285714,18
Jason Giambi,1971,1995,2014,2003,32,1024,535,134,0.25046729,18
Jason Giambi,1971,1995,2014,2004,33,1089,264,55,0.208333333,18
Jason Giambi,1971,1995,2014,2005,34,1156,417,113,0.270983213,18
Jason Giambi,1971,1995,2014,2006,35,1225,446,113,0.253363229,18
Jason Giambi,1971,1995,2014,2007,36,1296,254,60,0.236220472,18
Jason Giambi,1971,1995,2014,2008,37,1369,458,113,0.246724891,18
Jason Giambi,1971,1995,2014,2009,38,1444,293,59,0.201365188,18
Jason Giambi,1971,1995,2014,2010,39,1521,176,43,0.244318182,18
Jason Giambi,1971,1995,2014,2011,40,1600,131,34,0.259541985,18
Jason Giambi,1971,1995,2014,2013,42,1764,186,34,0.182795699,18
Brian Giles,1971,1995,2009,1996,25,625,121,43,0.355371901,14
Brian Giles,1971,1995,2009,1997,26,676,377,101,0.267904509,14
Brian Giles,1971,1995,2009,1998,27,729,350,94,0.268571429,14
Brian Giles,1971,1995,2009,1999,28,784,521,164,0.314779271,14
Brian Giles,1971,1995,2009,2000,29,841,559,176,0.314847943,14
Brian Giles,1971,1995,2009,2001,30,900,576,178,0.309027778,14
Brian Giles,1971,1995,2009,2002,31,961,497,148,0.29778672,14
Brian Giles,1971,1995,2009,2003,32,1024,492,147,0.298780488,14
Brian Giles,1971,1995,2009,2004,33,1089,609,173,0.28407225,14
Brian Giles,1971,1995,2009,2005,34,1156,545,164,0.300917431,14
Brian Giles,1971,1995,2009,2006,35,1225,604,159,0.263245033,14
Brian Giles,1971,1995,2009,2007,36,1296,483,131,0.271221532,14
Brian Giles,1971,1995,2009,2008,37,1369,559,171,0.305903399,14
Brian Giles,1971,1995,2009,2009,38,1444,225,43,0.191111111,14
Troy Glaus,1976,1998,2010,1998,22,484,165,36,0.218181818,12
Troy Glaus,1976,1998,2010,1999,23,529,551,132,0.239564428,12
Troy Glaus,1976,1998,2010,2000,24,576,563,160,0.284191829,12
Troy Glaus,1976,1998,2010,2001,25,625,588,147,0.25,12
Troy Glaus,1976,1998,2010,2002,26,676,569,142,0.249560633,12
Troy Glaus,1976,1998,2010,2003,27,729,319,79,0.247648903,12
Troy Glaus,1976,1998,2010,2004,28,784,207,52,0.251207729,12
Troy Glaus,1976,1998,2010,2005,29,841,538,139,0.258364312,12
Troy Glaus,1976,1998,2010,2006,30,900,540,136,0.251851852,12
Troy Glaus,1976,1998,2010,2007,31,961,385,101,0.262337662,12
Troy Glaus,1976,1998,2010,2008,32,1024,544,147,0.270220588,12
Troy Glaus,1976,1998,2010,2010,34,1156,412,99,0.240291262,12
Jonny Gomes,1980,2003,2015,2005,25,625,348,98,0.281609195,11
Jonny Gomes,1980,2003,2015,2006,26,676,385,83,0.215584416,11
Jonny Gomes,1980,2003,2015,2007,27,729,348,85,0.244252874,11
Jonny Gomes,1980,2003,2015,2008,28,784,154,28,0.181818182,11
Jonny Gomes,1980,2003,2015,2009,29,841,281,75,0.266903915,11
Jonny Gomes,1980,2003,2015,2010,30,900,511,136,0.266144814,11
Jonny Gomes,1980,2003,2015,2011,31,961,311,65,0.209003215,11
Jonny Gomes,1980,2003,2015,2012,32,1024,279,73,0.261648746,11
Jonny Gomes,1980,2003,2015,2013,33,1089,312,77,0.246794872,11
Jonny Gomes,1980,2003,2015,2014,34,1156,273,64,0.234432234,11
Jonny Gomes,1980,2003,2015,2015,35,1225,225,48,0.213333333,11
Adrian Gonzalez,1982,2004,2018,2005,23,529,150,34,0.226666667,14
Adrian Gonzalez,1982,2004,2018,2006,24,576,570,173,0.303508772,14
Adrian Gonzalez,1982,2004,2018,2007,25,625,646,182,0.281733746,14
Adrian Gonzalez,1982,2004,2018,2008,26,676,616,172,0.279220779,14
Adrian Gonzalez,1982,2004,2018,2009,27,729,552,153,0.277173913,14
Adrian Gonzalez,1982,2004,2018,2010,28,784,591,176,0.297800338,14
Adrian Gonzalez,1982,2004,2018,2011,29,841,630,213,0.338095238,14
Adrian Gonzalez,1982,2004,2018,2012,30,900,629,188,0.298887122,14
Adrian Gonzalez,1982,2004,2018,2013,31,961,583,171,0.293310463,14
Adrian Gonzalez,1982,2004,2018,2014,32,1024,591,163,0.275803723,14
Adrian Gonzalez,1982,2004,2018,2015,33,1089,571,157,0.274956217,14
Adrian Gonzalez,1982,2004,2018,2016,34,1156,568,162,0.285211268,14
Adrian Gonzalez,1982,2004,2018,2017,35,1225,231,56,0.242424242,14
Adrian Gonzalez,1982,2004,2018,2018,36,1296,169,40,0.236686391,14
Alex Gonzalez,1977,1998,2014,1999,22,484,560,155,0.276785714,13
Alex Gonzalez,1977,1998,2014,2000,23,529,385,77,0.2,13
Alex Gonzalez,1977,1998,2014,2001,24,576,515,129,0.250485437,13
Alex Gonzalez,1977,1998,2014,2002,25,625,151,34,0.225165563,13
Alex Gonzalez,1977,1998,2014,2003,26,676,528,135,0.255681818,13
Alex Gonzalez,1977,1998,2014,2004,27,729,561,130,0.231729055,13
Alex Gonzalez,1977,1998,2014,2005,28,784,435,115,0.264367816,13
Alex Gonzalez,1977,1998,2014,2006,29,841,388,99,0.255154639,13
Alex Gonzalez,1977,1998,2014,2007,30,900,393,107,0.272264631,13
Alex Gonzalez,1977,1998,2014,2009,32,1024,391,93,0.237851662,13
Alex Gonzalez,1977,1998,2014,2010,33,1089,595,149,0.250420168,13
Alex Gonzalez,1977,1998,2014,2011,34,1156,564,136,0.241134752,13
Alex Gonzalez,1977,1998,2014,2013,36,1296,113,20,0.17699115,13
Tony Graffanino,1972,1996,2009,1997,25,625,186,48,0.258064516,11
Tony Graffanino,1972,1996,2009,1998,26,676,289,61,0.211072664,11
Tony Graffanino,1972,1996,2009,1999,27,729,130,41,0.315384615,11
Tony Graffanino,1972,1996,2009,2000,28,784,168,46,0.273809524,11
Tony Graffanino,1972,1996,2009,2001,29,841,145,44,0.303448276,11
Tony Graffanino,1972,1996,2009,2002,30,900,229,60,0.262008734,11
Tony Graffanino,1972,1996,2009,2003,31,961,250,65,0.26,11
Tony Graffanino,1972,1996,2009,2004,32,1024,278,73,0.262589928,11
Tony Graffanino,1972,1996,2009,2005,33,1089,379,117,0.308707124,11
Tony Graffanino,1972,1996,2009,2006,34,1156,456,125,0.274122807,11
Tony Graffanino,1972,1996,2009,2007,35,1225,231,55,0.238095238,11
Curtis Granderson,1981,2004,2019,2005,24,576,162,44,0.271604938,15
Curtis Granderson,1981,2004,2019,2006,25,625,596,155,0.260067114,15
Curtis Granderson,1981,2004,2019,2007,26,676,612,185,0.302287582,15
Curtis Granderson,1981,2004,2019,2008,27,729,553,155,0.280289331,15
Curtis Granderson,1981,2004,2019,2009,28,784,631,157,0.24881141,15
Curtis Granderson,1981,2004,2019,2010,29,841,466,115,0.246781116,15
Curtis Granderson,1981,2004,2019,2011,30,900,583,153,0.262435678,15
Curtis Granderson,1981,2004,2019,2012,31,961,596,138,0.231543624,15
Curtis Granderson,1981,2004,2019,2013,32,1024,214,49,0.228971963,15
Curtis Granderson,1981,2004,2019,2014,33,1089,564,128,0.226950355,15
Curtis Granderson,1981,2004,2019,2015,34,1156,580,150,0.25862069,15
Curtis Granderson,1981,2004,2019,2016,35,1225,545,129,0.236697248,15
Curtis Granderson,1981,2004,2019,2017,36,1296,449,95,0.211581292,15
Curtis Granderson,1981,2004,2019,2018,37,1369,343,83,0.241982507,15
Curtis Granderson,1981,2004,2019,2019,38,1444,317,58,0.1829653,15
Mark Grudzielanek,1970,1995,2010,1995,25,625,269,66,0.24535316,15
Mark Grudzielanek,1970,1995,2010,1996,26,676,657,201,0.305936073,15
Mark Grudzielanek,1970,1995,2010,1997,27,729,649,177,0.272727273,15
Mark Grudzielanek,1970,1995,2010,1998,28,784,589,160,0.271646859,15
Mark Grudzielanek,1970,1995,2010,1999,29,841,488,159,0.325819672,15
Mark Grudzielanek,1970,1995,2010,2000,30,900,617,172,0.278768233,15
Mark Grudzielanek,1970,1995,2010,2001,31,961,539,146,0.270871985,15
Mark Grudzielanek,1970,1995,2010,2002,32,1024,536,145,0.270522388,15
Mark Grudzielanek,1970,1995,2010,2003,33,1089,481,151,0.313929314,15
Mark Grudzielanek,1970,1995,2010,2004,34,1156,257,79,0.307392996,15
Mark Grudzielanek,1970,1995,2010,2005,35,1225,528,155,0.293560606,15
Mark Grudzielanek,1970,1995,2010,2006,36,1296,548,163,0.297445255,15
Mark Grudzielanek,1970,1995,2010,2007,37,1369,453,137,0.302428256,15
Mark Grudzielanek,1970,1995,2010,2008,38,1444,331,99,0.299093656,15
Mark Grudzielanek,1970,1995,2010,2010,40,1600,110,30,0.272727273,15
Vladimir Guerrero,1975,1996,2011,1997,22,484,325,98,0.301538462,15
Vladimir Guerrero,1975,1996,2011,1998,23,529,623,202,0.32423756,15
Vladimir Guerrero,1975,1996,2011,1999,24,576,610,193,0.316393443,15
Vladimir Guerrero,1975,1996,2011,2000,25,625,571,197,0.345008757,15
Vladimir Guerrero,1975,1996,2011,2001,26,676,599,184,0.307178631,15
Vladimir Guerrero,1975,1996,2011,2002,27,729,614,206,0.335504886,15
Vladimir Guerrero,1975,1996,2011,2003,28,784,394,130,0.329949239,15
Vladimir Guerrero,1975,1996,2011,2004,29,841,612,206,0.336601307,15
Vladimir Guerrero,1975,1996,2011,2005,30,900,520,165,0.317307692,15
Vladimir Guerrero,1975,1996,2011,2006,31,961,607,200,0.329489292,15
Vladimir Guerrero,1975,1996,2011,2007,32,1024,574,186,0.324041812,15
Vladimir Guerrero,1975,1996,2011,2008,33,1089,541,164,0.303142329,15
Vladimir Guerrero,1975,1996,2011,2009,34,1156,383,113,0.295039164,15
Vladimir Guerrero,1975,1996,2011,2010,35,1225,593,178,0.300168634,15
Vladimir Guerrero,1975,1996,2011,2011,36,1296,562,163,0.290035587,15
Carlos Guillen,1975,1998,2011,2000,25,625,288,74,0.256944444,11
Carlos Guillen,1975,1998,2011,2001,26,676,456,118,0.25877193,11
Carlos Guillen,1975,1998,2011,2002,27,729,475,124,0.261052632,11
Carlos Guillen,1975,1998,2011,2003,28,784,388,107,0.275773196,11
Carlos Guillen,1975,1998,2011,2004,29,841,522,166,0.318007663,11
Carlos Guillen,1975,1998,2011,2005,30,900,334,107,0.320359281,11
Carlos Guillen,1975,1998,2011,2006,31,961,543,174,0.320441989,11
Carlos Guillen,1975,1998,2011,2007,32,1024,564,167,0.296099291,11
Carlos Guillen,1975,1998,2011,2008,33,1089,420,120,0.285714286,11
Carlos Guillen,1975,1998,2011,2009,34,1156,277,67,0.241877256,11
Carlos Guillen,1975,1998,2011,2010,35,1225,253,69,0.272727273,11
Jose Guillen,1976,1997,2010,1997,21,441,498,133,0.267068273,14
Jose Guillen,1976,1997,2010,1998,22,484,573,153,0.267015707,14
Jose Guillen,1976,1997,2010,1999,23,529,288,73,0.253472222,14
Jose Guillen,1976,1997,2010,2000,24,576,316,80,0.253164557,14
Jose Guillen,1976,1997,2010,2001,25,625,135,37,0.274074074,14
Jose Guillen,1976,1997,2010,2002,26,676,240,57,0.2375,14
Jose Guillen,1976,1997,2010,2003,27,729,485,151,0.311340206,14
Jose Guillen,1976,1997,2010,2004,28,784,565,166,0.29380531,14
Jose Guillen,1976,1997,2010,2005,29,841,551,156,0.283121597,14
Jose Guillen,1976,1997,2010,2006,30,900,241,52,0.215767635,14
Jose Guillen,1976,1997,2010,2007,31,961,593,172,0.29005059,14
Jose Guillen,1976,1997,2010,2008,32,1024,598,158,0.264214047,14
Jose Guillen,1976,1997,2010,2009,33,1089,281,68,0.241992883,14
Jose Guillen,1976,1997,2010,2010,34,1156,524,135,0.257633588,14
Franklin Gutierrez,1983,2005,2017,2006,23,529,136,37,0.272058824,10
Franklin Gutierrez,1983,2005,2017,2007,24,576,271,72,0.265682657,10
Franklin Gutierrez,1983,2005,2017,2008,25,625,399,99,0.248120301,10
Franklin Gutierrez,1983,2005,2017,2009,26,676,565,160,0.283185841,10
Franklin Gutierrez,1983,2005,2017,2010,27,729,568,139,0.24471831,10
Franklin Gutierrez,1983,2005,2017,2011,28,784,322,72,0.223602484,10
Franklin Gutierrez,1983,2005,2017,2012,29,841,150,39,0.26,10
Franklin Gutierrez,1983,2005,2017,2013,30,900,145,36,0.248275862,10
Franklin Gutierrez,1983,2005,2017,2015,32,1024,171,50,0.292397661,10
Franklin Gutierrez,1983,2005,2017,2016,33,1089,248,61,0.245967742,10
Cristian Guzman,1978,1999,2010,1999,21,441,420,95,0.226190476,11
Cristian Guzman,1978,1999,2010,2000,22,484,631,156,0.247226624,11
Cristian Guzman,1978,1999,2010,2001,23,529,493,149,0.302231237,11
Cristian Guzman,1978,1999,2010,2002,24,576,623,170,0.272873194,11
Cristian Guzman,1978,1999,2010,2003,25,625,534,143,0.267790262,11
Cristian Guzman,1978,1999,2010,2004,26,676,576,158,0.274305556,11
Cristian Guzman,1978,1999,2010,2005,27,729,456,100,0.219298246,11
Cristian Guzman,1978,1999,2010,2007,29,841,174,57,0.327586207,11
Cristian Guzman,1978,1999,2010,2008,30,900,579,183,0.316062176,11
Cristian Guzman,1978,1999,2010,2009,31,961,531,151,0.284369115,11
Cristian Guzman,1978,1999,2010,2010,32,1024,365,97,0.265753425,11
Travis Hafner,1977,2002,2013,2003,26,676,291,74,0.254295533,11
Travis Hafner,1977,2002,2013,2004,27,729,482,150,0.31120332,11
Travis Hafner,1977,2002,2013,2005,28,784,486,148,0.304526749,11
Travis Hafner,1977,2002,2013,2006,29,841,454,140,0.308370044,11
Travis Hafner,1977,2002,2013,2007,30,900,545,145,0.266055046,11
Travis Hafner,1977,2002,2013,2008,31,961,198,39,0.196969697,11
Travis Hafner,1977,2002,2013,2009,32,1024,338,92,0.272189349,11
Travis Hafner,1977,2002,2013,2010,33,1089,396,110,0.277777778,11
Travis Hafner,1977,2002,2013,2011,34,1156,325,91,0.28,11
Travis Hafner,1977,2002,2013,2012,35,1225,219,50,0.228310502,11
Travis Hafner,1977,2002,2013,2013,36,1296,262,53,0.202290076,11
Jerry Hairston,1976,1998,2013,1999,23,529,175,47,0.268571429,15
Jerry Hairston,1976,1998,2013,2000,24,576,180,46,0.255555556,15
Jerry Hairston,1976,1998,2013,2001,25,625,532,124,0.233082707,15
Jerry Hairston,1976,1998,2013,2002,26,676,426,114,0.267605634,15
Jerry Hairston,1976,1998,2013,2003,27,729,218,59,0.270642202,15
Jerry Hairston,1976,1998,2013,2004,28,784,287,87,0.303135889,15
Jerry Hairston,1976,1998,2013,2005,29,841,380,99,0.260526316,15
Jerry Hairston,1976,1998,2013,2006,30,900,170,35,0.205882353,15
Jerry Hairston,1976,1998,2013,2007,31,961,159,30,0.188679245,15
Jerry Hairston,1976,1998,2013,2008,32,1024,261,85,0.325670498,15
Jerry Hairston,1976,1998,2013,2009,33,1089,383,96,0.250652742,15
Jerry Hairston,1976,1998,2013,2010,34,1156,430,105,0.244186047,15
Jerry Hairston,1976,1998,2013,2011,35,1225,337,91,0.270029674,15
Jerry Hairston,1976,1998,2013,2012,36,1296,238,65,0.273109244,15
Jerry Hairston,1976,1998,2013,2013,37,1369,204,43,0.210784314,15
J. J. Hardy,1982,2005,2017,2005,23,529,372,92,0.247311828,13
J. J. Hardy,1982,2005,2017,2006,24,576,128,31,0.2421875,13
J. J. Hardy,1982,2005,2017,2007,25,625,592,164,0.277027027,13
J. J. Hardy,1982,2005,2017,2008,26,676,569,161,0.282952548,13
J. J. Hardy,1982,2005,2017,2009,27,729,414,95,0.229468599,13
J. J. Hardy,1982,2005,2017,2010,28,784,340,91,0.267647059,13
J. J. Hardy,1982,2005,2017,2011,29,841,527,142,0.269449715,13
J. J. Hardy,1982,2005,2017,2012,30,900,663,158,0.238310709,13
J. J. Hardy,1982,2005,2017,2013,31,961,601,158,0.262895175,13
J. J. Hardy,1982,2005,2017,2014,32,1024,529,142,0.268431002,13
J. J. Hardy,1982,2005,2017,2015,33,1089,411,90,0.218978102,13
J. J. Hardy,1982,2005,2017,2016,34,1156,405,109,0.269135802,13
J. J. Hardy,1982,2005,2017,2017,35,1225,254,55,0.216535433,13
Scott Hatteberg,1969,1995,2008,1997,28,784,350,97,0.277142857,10
Scott Hatteberg,1969,1995,2008,1998,29,841,359,99,0.275766017,10
Scott Hatteberg,1969,1995,2008,2000,31,961,230,61,0.265217391,10
Scott Hatteberg,1969,1995,2008,2001,32,1024,278,68,0.244604317,10
Scott Hatteberg,1969,1995,2008,2002,33,1089,492,138,0.280487805,10
Scott Hatteberg,1969,1995,2008,2003,34,1156,541,137,0.25323475,10
Scott Hatteberg,1969,1995,2008,2004,35,1225,550,156,0.283636364,10
Scott Hatteberg,1969,1995,2008,2005,36,1296,464,119,0.256465517,10
Scott Hatteberg,1969,1995,2008,2006,37,1369,456,132,0.289473684,10
Scott Hatteberg,1969,1995,2008,2007,38,1444,361,112,0.310249307,10
Wes Helms,1976,1998,2011,2001,25,625,216,48,0.222222222,11
Wes Helms,1976,1998,2011,2002,26,676,210,51,0.242857143,11
Wes Helms,1976,1998,2011,2003,27,729,476,124,0.260504202,11
Wes Helms,1976,1998,2011,2004,28,784,274,72,0.262773723,11
Wes Helms,1976,1998,2011,2005,29,841,168,50,0.297619048,11
Wes Helms,1976,1998,2011,2006,30,900,240,79,0.329166667,11
Wes Helms,1976,1998,2011,2007,31,961,280,69,0.246428571,11
Wes Helms,1976,1998,2011,2008,32,1024,251,61,0.243027888,11
Wes Helms,1976,1998,2011,2009,33,1089,214,58,0.271028037,11
Wes Helms,1976,1998,2011,2010,34,1156,254,56,0.220472441,11
Wes Helms,1976,1998,2011,2011,35,1225,110,21,0.190909091,11
Todd Helton,1973,1997,2013,1998,25,625,530,167,0.31509434,16
Todd Helton,1973,1997,2013,1999,26,676,578,185,0.320069204,16
Todd Helton,1973,1997,2013,2000,27,729,580,216,0.372413793,16
Todd Helton,1973,1997,2013,2001,28,784,587,197,0.33560477,16
Todd Helton,1973,1997,2013,2002,29,841,553,182,0.329113924,16
Todd Helton,1973,1997,2013,2003,30,900,583,209,0.358490566,16
Todd Helton,1973,1997,2013,2004,31,961,547,190,0.347349177,16
Todd Helton,1973,1997,2013,2005,32,1024,509,163,0.320235756,16
Todd Helton,1973,1997,2013,2006,33,1089,546,165,0.302197802,16
Todd Helton,1973,1997,2013,2007,34,1156,557,178,0.31956912,16
Todd Helton,1973,1997,2013,2008,35,1225,299,79,0.264214047,16
Todd Helton,1973,1997,2013,2009,36,1296,544,177,0.325367647,16
Todd Helton,1973,1997,2013,2010,37,1369,398,102,0.256281407,16
Todd Helton,1973,1997,2013,2011,38,1444,421,127,0.301662708,16
Todd Helton,1973,1997,2013,2012,39,1521,240,57,0.2375,16
Todd Helton,1973,1997,2013,2013,40,1600,397,99,0.249370277,16
Ramon Hernandez,1976,1999,2013,1999,23,529,136,38,0.279411765,14
Ramon Hernandez,1976,1999,2013,2000,24,576,419,101,0.241050119,14
Ramon Hernandez,1976,1999,2013,2001,25,625,453,115,0.253863135,14
Ramon Hernandez,1976,1999,2013,2002,26,676,403,94,0.23325062,14
Ramon Hernandez,1976,1999,2013,2003,27,729,483,132,0.273291925,14
Ramon Hernandez,1976,1999,2013,2004,28,784,384,106,0.276041667,14
Ramon Hernandez,1976,1999,2013,2005,29,841,369,107,0.2899729,14
Ramon Hernandez,1976,1999,2013,2006,30,900,501,138,0.275449102,14
Ramon Hernandez,1976,1999,2013,2007,31,961,364,94,0.258241758,14
Ramon Hernandez,1976,1999,2013,2008,32,1024,463,119,0.257019438,14
Ramon Hernandez,1976,1999,2013,2009,33,1089,287,74,0.257839721,14
Ramon Hernandez,1976,1999,2013,2010,34,1156,313,93,0.297124601,14
Ramon Hernandez,1976,1999,2013,2011,35,1225,298,84,0.281879195,14
Ramon Hernandez,1976,1999,2013,2012,36,1296,184,40,0.217391304,14
Bobby Higginson,1970,1995,2005,1995,25,625,410,92,0.224390244,10
Bobby Higginson,1970,1995,2005,1996,26,676,440,141,0.320454545,10
Bobby Higginson,1970,1995,2005,1997,27,729,546,163,0.298534799,10
Bobby Higginson,1970,1995,2005,1998,28,784,612,174,0.284313725,10
Bobby Higginson,1970,1995,2005,1999,29,841,377,90,0.23872679,10
Bobby Higginson,1970,1995,2005,2000,30,900,597,179,0.299832496,10
Bobby Higginson,1970,1995,2005,2001,31,961,541,150,0.277264325,10
Bobby Higginson,1970,1995,2005,2002,32,1024,444,125,0.281531532,10
Bobby Higginson,1970,1995,2005,2003,33,1089,469,110,0.234541578,10
Bobby Higginson,1970,1995,2005,2004,34,1156,448,110,0.245535714,10
Aaron Hill,1982,2005,2017,2005,23,529,361,99,0.274238227,12
Aaron Hill,1982,2005,2017,2006,24,576,546,159,0.291208791,12
Aaron Hill,1982,2005,2017,2007,25,625,608,177,0.291118421,12
Aaron Hill,1982,2005,2017,2008,26,676,205,54,0.263414634,12
Aaron Hill,1982,2005,2017,2009,27,729,682,195,0.285923754,12
Aaron Hill,1982,2005,2017,2010,28,784,528,108,0.204545455,12
Aaron Hill,1982,2005,2017,2011,29,841,520,128,0.246153846,12
Aaron Hill,1982,2005,2017,2012,30,900,609,184,0.302134647,12
Aaron Hill,1982,2005,2017,2013,31,961,327,95,0.290519878,12
Aaron Hill,1982,2005,2017,2014,32,1024,501,122,0.243512974,12
Aaron Hill,1982,2005,2017,2015,33,1089,313,72,0.230031949,12
Aaron Hill,1982,2005,2017,2016,34,1156,378,99,0.261904762,12
Eric Hinske,1977,2002,2013,2002,25,625,566,158,0.279151943,11
Eric Hinske,1977,2002,2013,2003,26,676,449,109,0.242761693,11
Eric Hinske,1977,2002,2013,2004,27,729,570,140,0.245614035,11
Eric Hinske,1977,2002,2013,2005,28,784,477,125,0.262054507,11
Eric Hinske,1977,2002,2013,2006,29,841,277,75,0.270758123,11
Eric Hinske,1977,2002,2013,2007,30,900,186,38,0.204301075,11
Eric Hinske,1977,2002,2013,2008,31,961,381,94,0.24671916,11
Eric Hinske,1977,2002,2013,2009,32,1024,190,46,0.242105263,11
Eric Hinske,1977,2002,2013,2010,33,1089,281,72,0.256227758,11
Eric Hinske,1977,2002,2013,2011,34,1156,236,55,0.233050847,11
Eric Hinske,1977,2002,2013,2012,35,1225,132,26,0.196969697,11
Todd Hollandsworth,1973,1995,2006,1995,22,484,103,24,0.233009709,12
Todd Hollandsworth,1973,1995,2006,1996,23,529,478,139,0.290794979,12
Todd Hollandsworth,1973,1995,2006,1997,24,576,296,73,0.246621622,12
Todd Hollandsworth,1973,1995,2006,1998,25,625,175,47,0.268571429,12
Todd Hollandsworth,1973,1995,2006,1999,26,676,261,74,0.283524904,12
Todd Hollandsworth,1973,1995,2006,2000,27,729,428,115,0.268691589,12
Todd Hollandsworth,1973,1995,2006,2001,28,784,117,43,0.367521368,12
Todd Hollandsworth,1973,1995,2006,2002,29,841,430,122,0.28372093,12
Todd Hollandsworth,1973,1995,2006,2003,30,900,228,58,0.254385965,12
Todd Hollandsworth,1973,1995,2006,2004,31,961,148,47,0.317567568,12
Todd Hollandsworth,1973,1995,2006,2005,32,1024,303,74,0.244224422,12
Todd Hollandsworth,1973,1995,2006,2006,33,1089,224,55,0.245535714,12
Matt Holliday,1980,2004,2018,2004,24,576,400,116,0.29,14
Matt Holliday,1980,2004,2018,2005,25,625,479,147,0.306889353,14
Matt Holliday,1980,2004,2018,2006,26,676,602,196,0.325581395,14
Matt Holliday,1980,2004,2018,2007,27,729,636,216,0.339622642,14
Matt Holliday,1980,2004,2018,2008,28,784,539,173,0.32096475,14
Matt Holliday,1980,2004,2018,2009,29,841,581,182,0.313253012,14
Matt Holliday,1980,2004,2018,2010,30,900,596,186,0.312080537,14
Matt Holliday,1980,2004,2018,2011,31,961,446,132,0.295964126,14
Matt Holliday,1980,2004,2018,2012,32,1024,599,177,0.295492487,14
Matt Holliday,1980,2004,2018,2013,33,1089,520,156,0.3,14
Matt Holliday,1980,2004,2018,2014,34,1156,574,156,0.271777003,14
Matt Holliday,1980,2004,2018,2015,35,1225,229,64,0.279475983,14
Matt Holliday,1980,2004,2018,2016,36,1296,382,94,0.246073298,14
Matt Holliday,1980,2004,2018,2017,37,1369,373,86,0.230563003,14
Ryan Howard,1979,2004,2016,2005,26,676,312,90,0.288461538,12
Ryan Howard,1979,2004,2016,2006,27,729,581,182,0.313253012,12
Ryan Howard,1979,2004,2016,2007,28,784,529,142,0.268431002,12
Ryan Howard,1979,2004,2016,2008,29,841,610,153,0.250819672,12
Ryan Howard,1979,2004,2016,2009,30,900,616,172,0.279220779,12
Ryan Howard,1979,2004,2016,2010,31,961,550,152,0.276363636,12
Ryan Howard,1979,2004,2016,2011,32,1024,557,141,0.253141831,12
Ryan Howard,1979,2004,2016,2012,33,1089,260,57,0.219230769,12
Ryan Howard,1979,2004,2016,2013,34,1156,286,76,0.265734266,12
Ryan Howard,1979,2004,2016,2014,35,1225,569,127,0.223198594,12
Ryan Howard,1979,2004,2016,2015,36,1296,467,107,0.229122056,12
Ryan Howard,1979,2004,2016,2016,37,1369,331,65,0.196374622,12
Orlando Hudson,1977,2002,2012,2002,25,625,192,53,0.276041667,11
Orlando Hudson,1977,2002,2012,2003,26,676,474,127,0.267932489,11
Orlando Hudson,1977,2002,2012,2004,27,729,489,132,0.26993865,11
Orlando Hudson,1977,2002,2012,2005,28,784,461,125,0.271149675,11
Orlando Hudson,1977,2002,2012,2006,29,841,579,166,0.286701209,11
Orlando Hudson,1977,2002,2012,2007,30,900,517,152,0.294003868,11
Orlando Hudson,1977,2002,2012,2008,31,961,407,124,0.304668305,11
Orlando Hudson,1977,2002,2012,2009,32,1024,551,156,0.283121597,11
Orlando Hudson,1977,2002,2012,2010,33,1089,497,133,0.267605634,11
Orlando Hudson,1977,2002,2012,2011,34,1156,398,98,0.246231156,11
Orlando Hudson,1977,2002,2012,2012,35,1225,260,53,0.203846154,11
Aubrey Huff,1976,2000,2012,2000,24,576,122,35,0.286885246,12
Aubrey Huff,1976,2000,2012,2001,25,625,411,102,0.248175182,12
Aubrey Huff,1976,2000,2012,2002,26,676,454,142,0.31277533,12
Aubrey Huff,1976,2000,2012,2003,27,729,636,198,0.311320755,12
Aubrey Huff,1976,2000,2012,2004,28,784,600,178,0.296666667,12
Aubrey Huff,1976,2000,2012,2005,29,841,575,150,0.260869565,12
Aubrey Huff,1976,2000,2012,2006,30,900,454,121,0.266519824,12
Aubrey Huff,1976,2000,2012,2007,31,961,550,154,0.28,12
Aubrey Huff,1976,2000,2012,2008,32,1024,598,182,0.304347826,12
Aubrey Huff,1976,2000,2012,2009,33,1089,536,129,0.240671642,12
Aubrey Huff,1976,2000,2012,2010,34,1156,569,165,0.289982425,12
Aubrey Huff,1976,2000,2012,2011,35,1225,521,128,0.245681382,12
Torii Hunter,1975,1997,2015,1999,24,576,384,98,0.255208333,17
Torii Hunter,1975,1997,2015,2000,25,625,336,94,0.279761905,17
Torii Hunter,1975,1997,2015,2001,26,676,564,147,0.260638298,17
Torii Hunter,1975,1997,2015,2002,27,729,561,162,0.288770053,17
Torii Hunter,1975,1997,2015,2003,28,784,581,145,0.249569707,17
Torii Hunter,1975,1997,2015,2004,29,841,520,141,0.271153846,17
Torii Hunter,1975,1997,2015,2005,30,900,372,100,0.268817204,17
Torii Hunter,1975,1997,2015,2006,31,961,557,155,0.278276481,17
Torii Hunter,1975,1997,2015,2007,32,1024,600,172,0.286666667,17
Torii Hunter,1975,1997,2015,2008,33,1089,551,153,0.277676951,17
Torii Hunter,1975,1997,2015,2009,34,1156,451,135,0.299334812,17
Torii Hunter,1975,1997,2015,2010,35,1225,573,161,0.280977312,17
Torii Hunter,1975,1997,2015,2011,36,1296,580,152,0.262068966,17
Torii Hunter,1975,1997,2015,2012,37,1369,534,167,0.312734082,17
Torii Hunter,1975,1997,2015,2013,38,1444,606,184,0.303630363,17
Torii Hunter,1975,1997,2015,2014,39,1521,549,157,0.285974499,17
Torii Hunter,1975,1997,2015,2015,40,1600,521,125,0.239923225,17
Raul Ibanez,1972,1996,2014,1999,27,729,209,54,0.258373206,16
Raul Ibanez,1972,1996,2014,2000,28,784,140,32,0.228571429,16
Raul Ibanez,1972,1996,2014,2001,29,841,279,78,0.279569892,16
Raul Ibanez,1972,1996,2014,2002,30,900,497,146,0.293762575,16
Raul Ibanez,1972,1996,2014,2003,31,961,608,179,0.294407895,16
Raul Ibanez,1972,1996,2014,2004,32,1024,481,146,0.303534304,16
Raul Ibanez,1972,1996,2014,2005,33,1089,614,172,0.280130293,16
Raul Ibanez,1972,1996,2014,2006,34,1156,626,181,0.28913738,16
Raul Ibanez,1972,1996,2014,2007,35,1225,573,167,0.291448517,16
Raul Ibanez,1972,1996,2014,2008,36,1296,635,186,0.292913386,16
Raul Ibanez,1972,1996,2014,2009,37,1369,500,136,0.272,16
Raul Ibanez,1972,1996,2014,2010,38,1444,561,154,0.274509804,16
Raul Ibanez,1972,1996,2014,2011,39,1521,535,131,0.244859813,16
Raul Ibanez,1972,1996,2014,2012,40,1600,384,92,0.239583333,16
Raul Ibanez,1972,1996,2014,2013,41,1681,454,110,0.242290749,16
Raul Ibanez,1972,1996,2014,2014,42,1764,246,41,0.166666667,16
Omar Infante,1981,2002,2016,2003,22,484,221,49,0.221719457,14
Omar Infante,1981,2002,2016,2004,23,529,503,133,0.264413519,14
Omar Infante,1981,2002,2016,2005,24,576,406,90,0.221674877,14
Omar Infante,1981,2002,2016,2006,25,625,224,62,0.276785714,14
Omar Infante,1981,2002,2016,2007,26,676,166,45,0.271084337,14
Omar Infante,1981,2002,2016,2008,27,729,317,93,0.293375394,14
Omar Infante,1981,2002,2016,2009,28,784,203,62,0.305418719,14
Omar Infante,1981,2002,2016,2010,29,841,471,151,0.32059448,14
Omar Infante,1981,2002,2016,2011,30,900,579,160,0.276338515,14
Omar Infante,1981,2002,2016,2012,31,961,554,152,0.274368231,14
Omar Infante,1981,2002,2016,2013,32,1024,453,144,0.317880795,14
Omar Infante,1981,2002,2016,2014,33,1089,528,133,0.251893939,14
Omar Infante,1981,2002,2016,2015,34,1156,440,97,0.220454545,14
Omar Infante,1981,2002,2016,2016,35,1225,134,32,0.23880597,14
Brandon Inge,1977,2001,2013,2001,24,576,189,34,0.17989418,13
Brandon Inge,1977,2001,2013,2002,25,625,321,65,0.202492212,13
Brandon Inge,1977,2001,2013,2003,26,676,330,67,0.203030303,13
Brandon Inge,1977,2001,2013,2004,27,729,408,117,0.286764706,13
Brandon Inge,1977,2001,2013,2005,28,784,616,161,0.261363636,13
Brandon Inge,1977,2001,2013,2006,29,841,542,137,0.252767528,13
Brandon Inge,1977,2001,2013,2007,30,900,508,120,0.236220472,13
Brandon Inge,1977,2001,2013,2008,31,961,347,71,0.204610951,13
Brandon Inge,1977,2001,2013,2009,32,1024,562,129,0.229537367,13
Brandon Inge,1977,2001,2013,2010,33,1089,514,127,0.247081712,13
Brandon Inge,1977,2001,2013,2011,34,1156,269,53,0.197026022,13
Brandon Inge,1977,2001,2013,2012,35,1225,303,66,0.217821782,13
Brandon Inge,1977,2001,2013,2013,36,1296,105,19,0.180952381,13
Cesar Izturis,1980,2001,2013,2001,21,441,134,36,0.268656716,12
Cesar Izturis,1980,2001,2013,2002,22,484,439,102,0.232346241,12
Cesar Izturis,1980,2001,2013,2003,23,529,558,140,0.250896057,12
Cesar Izturis,1980,2001,2013,2004,24,576,670,193,0.288059701,12
Cesar Izturis,1980,2001,2013,2005,25,625,444,114,0.256756757,12
Cesar Izturis,1980,2001,2013,2006,26,676,192,47,0.244791667,12
Cesar Izturis,1980,2001,2013,2007,27,729,314,81,0.257961783,12
Cesar Izturis,1980,2001,2013,2008,28,784,414,109,0.263285024,12
Cesar Izturis,1980,2001,2013,2009,29,841,387,99,0.255813953,12
Cesar Izturis,1980,2001,2013,2010,30,900,473,109,0.230443975,12
Cesar Izturis,1980,2001,2013,2012,32,1024,166,40,0.240963855,12
Cesar Izturis,1980,2001,2013,2013,33,1089,129,27,0.209302326,12
Maicer Izturis,1980,2004,2014,2004,24,576,107,22,0.205607477,10
Maicer Izturis,1980,2004,2014,2005,25,625,191,47,0.246073298,10
Maicer Izturis,1980,2004,2014,2006,26,676,352,103,0.292613636,10
Maicer Izturis,1980,2004,2014,2007,27,729,336,97,0.288690476,10
Maicer Izturis,1980,2004,2014,2008,28,784,290,78,0.268965517,10
Maicer Izturis,1980,2004,2014,2009,29,841,387,116,0.299741602,10
Maicer Izturis,1980,2004,2014,2010,30,900,212,53,0.25,10
Maicer Izturis,1980,2004,2014,2011,31,961,449,124,0.276169265,10
Maicer Izturis,1980,2004,2014,2012,32,1024,289,74,0.256055363,10
Maicer Izturis,1980,2004,2014,2013,33,1089,365,86,0.235616438,10
Geoff Jenkins,1974,1998,2008,1998,24,576,262,60,0.229007634,11
Geoff Jenkins,1974,1998,2008,1999,25,625,447,140,0.313199105,11
Geoff Jenkins,1974,1998,2008,2000,26,676,512,155,0.302734375,11
Geoff Jenkins,1974,1998,2008,2001,27,729,397,105,0.264483627,11
Geoff Jenkins,1974,1998,2008,2002,28,784,243,59,0.242798354,11
Geoff Jenkins,1974,1998,2008,2003,29,841,487,144,0.295687885,11
Geoff Jenkins,1974,1998,2008,2004,30,900,617,163,0.264181524,11
Geoff Jenkins,1974,1998,2008,2005,31,961,538,157,0.291821561,11
Geoff Jenkins,1974,1998,2008,2006,32,1024,484,131,0.270661157,11
Geoff Jenkins,1974,1998,2008,2007,33,1089,420,107,0.254761905,11
Geoff Jenkins,1974,1998,2008,2008,34,1156,293,72,0.245733788,11
Derek Jeter,1974,1995,2014,1996,22,484,582,183,0.31443299,18
Derek Jeter,1974,1995,2014,1997,23,529,654,190,0.290519878,18
Derek Jeter,1974,1995,2014,1998,24,576,626,203,0.32428115,18
Derek Jeter,1974,1995,2014,1999,25,625,627,219,0.349282297,18
Derek Jeter,1974,1995,2014,2000,26,676,593,201,0.338954469,18
Derek Jeter,1974,1995,2014,2001,27,729,614,191,0.311074919,18
Derek Jeter,1974,1995,2014,2002,28,784,644,191,0.296583851,18
Derek Jeter,1974,1995,2014,2003,29,841,482,156,0.323651452,18
Derek Jeter,1974,1995,2014,2004,30,900,643,188,0.292379471,18
Derek Jeter,1974,1995,2014,2005,31,961,654,202,0.308868502,18
Derek Jeter,1974,1995,2014,2006,32,1024,623,214,0.343499197,18
Derek Jeter,1974,1995,2014,2007,33,1089,639,206,0.322378717,18
Derek Jeter,1974,1995,2014,2008,34,1156,596,179,0.30033557,18
Derek Jeter,1974,1995,2014,2009,35,1225,634,212,0.334384858,18
Derek Jeter,1974,1995,2014,2010,36,1296,663,179,0.269984917,18
Derek Jeter,1974,1995,2014,2011,37,1369,546,162,0.296703297,18
Derek Jeter,1974,1995,2014,2012,38,1444,683,216,0.31625183,18
Derek Jeter,1974,1995,2014,2014,40,1600,581,149,0.256454389,18
Kelly Johnson,1982,2005,2016,2005,23,529,290,70,0.24137931,11
Kelly Johnson,1982,2005,2016,2007,25,625,521,144,0.276391555,11
Kelly Johnson,1982,2005,2016,2008,26,676,547,157,0.28702011,11
Kelly Johnson,1982,2005,2016,2009,27,729,303,68,0.224422442,11
Kelly Johnson,1982,2005,2016,2010,28,784,585,166,0.283760684,11
Kelly Johnson,1982,2005,2016,2011,29,841,545,121,0.222018349,11
Kelly Johnson,1982,2005,2016,2012,30,900,507,114,0.224852071,11
Kelly Johnson,1982,2005,2016,2013,31,961,366,86,0.234972678,11
Kelly Johnson,1982,2005,2016,2014,32,1024,265,57,0.21509434,11
Kelly Johnson,1982,2005,2016,2015,33,1089,310,82,0.264516129,11
Kelly Johnson,1982,2005,2016,2016,34,1156,304,75,0.246710526,11
Reed Johnson,1976,2003,2015,2003,27,729,412,121,0.29368932,12
Reed Johnson,1976,2003,2015,2004,28,784,537,145,0.270018622,12
Reed Johnson,1976,2003,2015,2005,29,841,398,107,0.268844221,12
Reed Johnson,1976,2003,2015,2006,30,900,461,147,0.318872017,12
Reed Johnson,1976,2003,2015,2007,31,961,275,65,0.236363636,12
Reed Johnson,1976,2003,2015,2008,32,1024,333,101,0.303303303,12
Reed Johnson,1976,2003,2015,2009,33,1089,165,42,0.254545455,12
Reed Johnson,1976,2003,2015,2010,34,1156,202,53,0.262376238,12
Reed Johnson,1976,2003,2015,2011,35,1225,246,76,0.308943089,12
Reed Johnson,1976,2003,2015,2012,36,1296,269,78,0.289962825,12
Reed Johnson,1976,2003,2015,2013,37,1369,123,30,0.243902439,12
Reed Johnson,1976,2003,2015,2014,38,1444,187,44,0.235294118,12
Andruw Jones,1977,1996,2012,1996,19,361,106,23,0.216981132,17
Andruw Jones,1977,1996,2012,1997,20,400,399,92,0.230576441,17
Andruw Jones,1977,1996,2012,1998,21,441,582,158,0.271477663,17
Andruw Jones,1977,1996,2012,1999,22,484,592,163,0.275337838,17
Andruw Jones,1977,1996,2012,2000,23,529,656,199,0.303353659,17
Andruw Jones,1977,1996,2012,2001,24,576,625,157,0.2512,17
Andruw Jones,1977,1996,2012,2002,25,625,560,148,0.264285714,17
Andruw Jones,1977,1996,2012,2003,26,676,595,165,0.277310924,17
Andruw Jones,1977,1996,2012,2004,27,729,570,149,0.261403509,17
Andruw Jones,1977,1996,2012,2005,28,784,586,154,0.262798635,17
Andruw Jones,1977,1996,2012,2006,29,841,565,148,0.261946903,17
Andruw Jones,1977,1996,2012,2007,30,900,572,127,0.222027972,17
Andruw Jones,1977,1996,2012,2008,31,961,209,33,0.157894737,17
Andruw Jones,1977,1996,2012,2009,32,1024,281,60,0.213523132,17
Andruw Jones,1977,1996,2012,2010,33,1089,278,64,0.230215827,17
Andruw Jones,1977,1996,2012,2011,34,1156,190,47,0.247368421,17
Andruw Jones,1977,1996,2012,2012,35,1225,233,46,0.197424893,17
Jacque Jones,1975,1999,2008,1999,24,576,322,93,0.288819876,10
Jacque Jones,1975,1999,2008,2000,25,625,523,149,0.284894837,10
Jacque Jones,1975,1999,2008,2001,26,676,475,131,0.275789474,10
Jacque Jones,1975,1999,2008,2002,27,729,577,173,0.29982669,10
Jacque Jones,1975,1999,2008,2003,28,784,517,157,0.303675048,10
Jacque Jones,1975,1999,2008,2004,29,841,555,141,0.254054054,10
Jacque Jones,1975,1999,2008,2005,30,900,523,130,0.248565966,10
Jacque Jones,1975,1999,2008,2006,31,961,533,152,0.285178236,10
Jacque Jones,1975,1999,2008,2007,32,1024,453,129,0.284768212,10
Jacque Jones,1975,1999,2008,2008,33,1089,116,17,0.146551724,10
Gabe Kapler,1975,1998,2010,1999,24,576,416,102,0.245192308,10
Gabe Kapler,1975,1998,2010,2000,25,625,444,134,0.301801802,10
Gabe Kapler,1975,1998,2010,2001,26,676,483,129,0.267080745,10
Gabe Kapler,1975,1998,2010,2002,27,729,315,88,0.279365079,10
Gabe Kapler,1975,1998,2010,2003,28,784,225,61,0.271111111,10
Gabe Kapler,1975,1998,2010,2004,29,841,290,79,0.272413793,10
Gabe Kapler,1975,1998,2010,2006,31,961,130,33,0.253846154,10
Gabe Kapler,1975,1998,2010,2008,33,1089,229,69,0.301310044,10
Gabe Kapler,1975,1998,2010,2009,34,1156,205,49,0.23902439,10
Gabe Kapler,1975,1998,2010,2010,35,1225,124,26,0.209677419,10
Austin Kearns,1980,2002,2013,2002,22,484,372,117,0.314516129,11
Austin Kearns,1980,2002,2013,2003,23,529,292,77,0.26369863,11
Austin Kearns,1980,2002,2013,2004,24,576,217,50,0.230414747,11
Austin Kearns,1980,2002,2013,2005,25,625,387,93,0.240310078,11
Austin Kearns,1980,2002,2013,2006,26,676,537,142,0.26443203,11
Austin Kearns,1980,2002,2013,2007,27,729,587,156,0.265758092,11
Austin Kearns,1980,2002,2013,2008,28,784,313,68,0.217252396,11
Austin Kearns,1980,2002,2013,2009,29,841,174,34,0.195402299,11
Austin Kearns,1980,2002,2013,2010,30,900,403,106,0.263027295,11
Austin Kearns,1980,2002,2013,2011,31,961,150,30,0.2,11
Austin Kearns,1980,2002,2013,2012,32,1024,147,36,0.244897959,11
Jason Kendall,1974,1996,2010,1996,22,484,414,124,0.299516908,15
Jason Kendall,1974,1996,2010,1997,23,529,486,143,0.294238683,15
Jason Kendall,1974,1996,2010,1998,24,576,535,175,0.327102804,15
Jason Kendall,1974,1996,2010,1999,25,625,280,93,0.332142857,15
Jason Kendall,1974,1996,2010,2000,26,676,579,185,0.319516408,15
Jason Kendall,1974,1996,2010,2001,27,729,606,161,0.265676568,15
Jason Kendall,1974,1996,2010,2002,28,784,545,154,0.282568807,15
Jason Kendall,1974,1996,2010,2003,29,841,587,191,0.325383305,15
Jason Kendall,1974,1996,2010,2004,30,900,574,183,0.318815331,15
Jason Kendall,1974,1996,2010,2005,31,961,601,163,0.271214642,15
Jason Kendall,1974,1996,2010,2006,32,1024,552,163,0.295289855,15
Jason Kendall,1974,1996,2010,2007,33,1089,466,113,0.24248927,15
Jason Kendall,1974,1996,2010,2008,34,1156,516,127,0.246124031,15
Jason Kendall,1974,1996,2010,2009,35,1225,452,109,0.241150442,15
Jason Kendall,1974,1996,2010,2010,36,1296,434,111,0.255760369,15
Adam Kennedy,1976,1999,2012,1999,23,529,102,26,0.254901961,14
Adam Kennedy,1976,1999,2012,2000,24,576,598,159,0.265886288,14
Adam Kennedy,1976,1999,2012,2001,25,625,478,129,0.269874477,14
Adam Kennedy,1976,1999,2012,2002,26,676,474,148,0.312236287,14
Adam Kennedy,1976,1999,2012,2003,27,729,449,121,0.269487751,14
Adam Kennedy,1976,1999,2012,2004,28,784,468,130,0.277777778,14
Adam Kennedy,1976,1999,2012,2005,29,841,416,125,0.300480769,14
Adam Kennedy,1976,1999,2012,2006,30,900,451,123,0.272727273,14
Adam Kennedy,1976,1999,2012,2007,31,961,279,61,0.218637993,14
Adam Kennedy,1976,1999,2012,2008,32,1024,339,95,0.280235988,14
Adam Kennedy,1976,1999,2012,2009,33,1089,529,153,0.289224953,14
Adam Kennedy,1976,1999,2012,2010,34,1156,342,85,0.248538012,14
Adam Kennedy,1976,1999,2012,2011,35,1225,380,89,0.234210526,14
Adam Kennedy,1976,1999,2012,2012,36,1296,168,44,0.261904762,14
Paul Konerko,1976,1997,2014,1998,22,484,217,47,0.216589862,17
Paul Konerko,1976,1997,2014,1999,23,529,513,151,0.294346979,17
Paul Konerko,1976,1997,2014,2000,24,576,524,156,0.297709924,17
Paul Konerko,1976,1997,2014,2001,25,625,582,164,0.281786942,17
Paul Konerko,1976,1997,2014,2002,26,676,570,173,0.303508772,17
Paul Konerko,1976,1997,2014,2003,27,729,444,104,0.234234234,17
Paul Konerko,1976,1997,2014,2004,28,784,563,156,0.277087034,17
Paul Konerko,1976,1997,2014,2005,29,841,575,163,0.283478261,17
Paul Konerko,1976,1997,2014,2006,30,900,566,177,0.312720848,17
Paul Konerko,1976,1997,2014,2007,31,961,549,142,0.258652095,17
Paul Konerko,1976,1997,2014,2008,32,1024,438,105,0.239726027,17
Paul Konerko,1976,1997,2014,2009,33,1089,546,151,0.276556777,17
Paul Konerko,1976,1997,2014,2010,34,1156,548,171,0.312043796,17
Paul Konerko,1976,1997,2014,2011,35,1225,543,163,0.300184162,17
Paul Konerko,1976,1997,2014,2012,36,1296,533,159,0.298311445,17
Paul Konerko,1976,1997,2014,2013,37,1369,467,114,0.244111349,17
Paul Konerko,1976,1997,2014,2014,38,1444,208,43,0.206730769,17
Mark Kotsay,1975,1997,2013,1998,23,529,578,161,0.278546713,16
Mark Kotsay,1975,1997,2013,1999,24,576,495,134,0.270707071,16
Mark Kotsay,1975,1997,2013,2000,25,625,530,158,0.298113208,16
Mark Kotsay,1975,1997,2013,2001,26,676,406,118,0.290640394,16
Mark Kotsay,1975,1997,2013,2002,27,729,578,169,0.292387543,16
Mark Kotsay,1975,1997,2013,2003,28,784,482,128,0.265560166,16
Mark Kotsay,1975,1997,2013,2004,29,841,606,190,0.313531353,16
Mark Kotsay,1975,1997,2013,2005,30,900,582,163,0.280068729,16
Mark Kotsay,1975,1997,2013,2006,31,961,502,138,0.274900398,16
Mark Kotsay,1975,1997,2013,2007,32,1024,206,44,0.213592233,16
Mark Kotsay,1975,1997,2013,2008,33,1089,402,111,0.276119403,16
Mark Kotsay,1975,1997,2013,2009,34,1156,187,52,0.278074866,16
Mark Kotsay,1975,1997,2013,2010,35,1225,327,78,0.23853211,16
Mark Kotsay,1975,1997,2013,2011,36,1296,233,63,0.270386266,16
Mark Kotsay,1975,1997,2013,2012,37,1369,143,37,0.258741259,16
Mark Kotsay,1975,1997,2013,2013,38,1444,155,30,0.193548387,16
Adam LaRoche,1979,2004,2015,2004,25,625,324,90,0.277777778,12
Adam LaRoche,1979,2004,2015,2005,26,676,451,117,0.259423503,12
Adam LaRoche,1979,2004,2015,2006,27,729,492,140,0.284552846,12
Adam LaRoche,1979,2004,2015,2007,28,784,563,153,0.271758437,12
Adam LaRoche,1979,2004,2015,2008,29,841,492,133,0.270325203,12
Adam LaRoche,1979,2004,2015,2009,30,900,555,154,0.277477477,12
Adam LaRoche,1979,2004,2015,2010,31,961,560,146,0.260714286,12
Adam LaRoche,1979,2004,2015,2011,32,1024,151,26,0.17218543,12
Adam LaRoche,1979,2004,2015,2012,33,1089,571,155,0.27145359,12
Adam LaRoche,1979,2004,2015,2013,34,1156,511,121,0.236790607,12
Adam LaRoche,1979,2004,2015,2014,35,1225,494,128,0.259109312,12
Adam LaRoche,1979,2004,2015,2015,36,1296,429,89,0.207459207,12
Matt Lawton,1971,1995,2006,1996,25,625,252,65,0.257936508,10
Matt Lawton,1971,1995,2006,1997,26,676,460,114,0.247826087,10
Matt Lawton,1971,1995,2006,1998,27,729,557,155,0.278276481,10
Matt Lawton,1971,1995,2006,1999,28,784,406,105,0.25862069,10
Matt Lawton,1971,1995,2006,2000,29,841,561,171,0.304812834,10
Matt Lawton,1971,1995,2006,2001,30,900,559,155,0.277280859,10
Matt Lawton,1971,1995,2006,2002,31,961,416,98,0.235576923,10
Matt Lawton,1971,1995,2006,2003,32,1024,374,93,0.248663102,10
Matt Lawton,1971,1995,2006,2004,33,1089,591,164,0.27749577,10
Matt Lawton,1971,1995,2006,2005,34,1156,500,127,0.254,10
Carlos Lee,1976,1999,2012,1999,23,529,492,144,0.292682927,14
Carlos Lee,1976,1999,2012,2000,24,576,572,172,0.300699301,14
Carlos Lee,1976,1999,2012,2001,25,625,558,150,0.268817204,14
Carlos Lee,1976,1999,2012,2002,26,676,492,130,0.264227642,14
Carlos Lee,1976,1999,2012,2003,27,729,623,181,0.290529695,14
Carlos Lee,1976,1999,2012,2004,28,784,591,180,0.304568528,14
Carlos Lee,1976,1999,2012,2005,29,841,618,164,0.265372168,14
Carlos Lee,1976,1999,2012,2006,30,900,624,187,0.299679487,14
Carlos Lee,1976,1999,2012,2007,31,961,627,190,0.303030303,14
Carlos Lee,1976,1999,2012,2008,32,1024,436,137,0.314220183,14
Carlos Lee,1976,1999,2012,2009,33,1089,610,183,0.3,14
Carlos Lee,1976,1999,2012,2010,34,1156,605,149,0.246280992,14
Carlos Lee,1976,1999,2012,2011,35,1225,585,161,0.275213675,14
Carlos Lee,1976,1999,2012,2012,36,1296,550,145,0.263636364,14
Derrek Lee,1975,1997,2011,1998,23,529,454,106,0.233480176,14
Derrek Lee,1975,1997,2011,1999,24,576,218,45,0.206422018,14
Derrek Lee,1975,1997,2011,2000,25,625,477,134,0.280922432,14
Derrek Lee,1975,1997,2011,2001,26,676,561,158,0.281639929,14
Derrek Lee,1975,1997,2011,2002,27,729,581,157,0.270223752,14
Derrek Lee,1975,1997,2011,2003,28,784,539,146,0.270871985,14
Derrek Lee,1975,1997,2011,2004,29,841,605,168,0.27768595,14
Derrek Lee,1975,1997,2011,2005,30,900,594,199,0.335016835,14
Derrek Lee,1975,1997,2011,2006,31,961,175,50,0.285714286,14
Derrek Lee,1975,1997,2011,2007,32,1024,567,180,0.317460317,14
Derrek Lee,1975,1997,2011,2008,33,1089,623,181,0.290529695,14
Derrek Lee,1975,1997,2011,2009,34,1156,532,163,0.306390977,14
Derrek Lee,1975,1997,2011,2010,35,1225,547,142,0.259597806,14
Derrek Lee,1975,1997,2011,2011,36,1296,435,116,0.266666667,14
Felipe Lopez,1980,2001,2011,2001,21,441,177,46,0.259887006,11
Felipe Lopez,1980,2001,2011,2002,22,484,282,64,0.226950355,11
Felipe Lopez,1980,2001,2011,2003,23,529,197,42,0.21319797,11
Felipe Lopez,1980,2001,2011,2004,24,576,264,64,0.242424242,11
Felipe Lopez,1980,2001,2011,2005,25,625,580,169,0.29137931,11
Felipe Lopez,1980,2001,2011,2006,26,676,617,169,0.273905997,11
Felipe Lopez,1980,2001,2011,2007,27,729,603,148,0.245439469,11
Felipe Lopez,1980,2001,2011,2008,28,784,481,136,0.282744283,11
Felipe Lopez,1980,2001,2011,2009,29,841,604,187,0.309602649,11
Felipe Lopez,1980,2001,2011,2010,30,900,391,91,0.232736573,11
Felipe Lopez,1980,2001,2011,2011,31,961,141,29,0.205673759,11
Mark Loretta,1971,1995,2009,1996,25,625,154,43,0.279220779,14
Mark Loretta,1971,1995,2009,1997,26,676,418,120,0.28708134,14
Mark Loretta,1971,1995,2009,1998,27,729,434,137,0.315668203,14
Mark Loretta,1971,1995,2009,1999,28,784,587,170,0.289608177,14
Mark Loretta,1971,1995,2009,2000,29,841,352,99,0.28125,14
Mark Loretta,1971,1995,2009,2001,30,900,384,111,0.2890625,14
Mark Loretta,1971,1995,2009,2002,31,961,283,86,0.303886926,14
Mark Loretta,1971,1995,2009,2003,32,1024,589,185,0.314091681,14
Mark Loretta,1971,1995,2009,2004,33,1089,620,208,0.335483871,14
Mark Loretta,1971,1995,2009,2005,34,1156,404,113,0.27970297,14
Mark Loretta,1971,1995,2009,2006,35,1225,635,181,0.28503937,14
Mark Loretta,1971,1995,2009,2007,36,1296,460,132,0.286956522,14
Mark Loretta,1971,1995,2009,2008,37,1369,261,73,0.279693487,14
Mark Loretta,1971,1995,2009,2009,38,1444,181,42,0.232044199,14
Mike Lowell,1974,1998,2010,1999,25,625,308,78,0.253246753,12
Mike Lowell,1974,1998,2010,2000,26,676,508,137,0.269685039,12
Mike Lowell,1974,1998,2010,2001,27,729,551,156,0.283121597,12
Mike Lowell,1974,1998,2010,2002,28,784,597,165,0.27638191,12
Mike Lowell,1974,1998,2010,2003,29,841,492,136,0.276422764,12
Mike Lowell,1974,1998,2010,2004,30,900,598,175,0.29264214,12
Mike Lowell,1974,1998,2010,2005,31,961,500,118,0.236,12
Mike Lowell,1974,1998,2010,2006,32,1024,573,163,0.284467714,12
Mike Lowell,1974,1998,2010,2007,33,1089,589,191,0.324278438,12
Mike Lowell,1974,1998,2010,2008,34,1156,419,115,0.274463007,12
Mike Lowell,1974,1998,2010,2009,35,1225,445,129,0.28988764,12
Mike Lowell,1974,1998,2010,2010,36,1296,218,52,0.23853211,12
Julio Lugo,1975,2000,2011,2000,25,625,420,119,0.283333333,11
Julio Lugo,1975,2000,2011,2001,26,676,513,135,0.263157895,11
Julio Lugo,1975,2000,2011,2002,27,729,322,84,0.260869565,11
Julio Lugo,1975,2000,2011,2003,28,784,498,135,0.271084337,11
Julio Lugo,1975,2000,2011,2004,29,841,581,160,0.275387263,11
Julio Lugo,1975,2000,2011,2005,30,900,616,182,0.295454545,11
Julio Lugo,1975,2000,2011,2006,31,961,435,121,0.27816092,11
Julio Lugo,1975,2000,2011,2007,32,1024,570,135,0.236842105,11
Julio Lugo,1975,2000,2011,2008,33,1089,261,70,0.268199234,11
Julio Lugo,1975,2000,2011,2009,34,1156,257,72,0.280155642,11
Julio Lugo,1975,2000,2011,2010,35,1225,241,60,0.248962656,11
Victor Martinez,1978,2002,2018,2003,25,625,159,46,0.289308176,15
Victor Martinez,1978,2002,2018,2004,26,676,520,147,0.282692308,15
Victor Martinez,1978,2002,2018,2005,27,729,547,167,0.305301645,15
Victor Martinez,1978,2002,2018,2006,28,784,572,181,0.316433566,15
Victor Martinez,1978,2002,2018,2007,29,841,562,169,0.300711744,15
Victor Martinez,1978,2002,2018,2008,30,900,266,74,0.278195489,15
Victor Martinez,1978,2002,2018,2009,31,961,588,178,0.302721088,15
Victor Martinez,1978,2002,2018,2010,32,1024,493,149,0.302231237,15
Victor Martinez,1978,2002,2018,2011,33,1089,540,178,0.32962963,15
Victor Martinez,1978,2002,2018,2013,35,1225,605,182,0.300826446,15
Victor Martinez,1978,2002,2018,2014,36,1296,561,188,0.335115865,15
Victor Martinez,1978,2002,2018,2015,37,1369,440,108,0.245454545,15
Victor Martinez,1978,2002,2018,2016,38,1444,553,160,0.289330922,15
Victor Martinez,1978,2002,2018,2017,39,1521,392,100,0.255102041,15
Victor Martinez,1978,2002,2018,2018,40,1600,467,117,0.250535332,15
Jeff Mathis,1983,2005,2021,2007,24,576,171,36,0.210526316,12
Jeff Mathis,1983,2005,2021,2008,25,625,283,55,0.19434629,12
Jeff Mathis,1983,2005,2021,2009,26,676,237,50,0.210970464,12
Jeff Mathis,1983,2005,2021,2010,27,729,205,40,0.195121951,12
Jeff Mathis,1983,2005,2021,2011,28,784,247,43,0.174089069,12
Jeff Mathis,1983,2005,2021,2012,29,841,211,46,0.218009479,12
Jeff Mathis,1983,2005,2021,2013,30,900,232,42,0.181034483,12
Jeff Mathis,1983,2005,2021,2014,31,961,175,35,0.2,12
Jeff Mathis,1983,2005,2021,2016,33,1089,126,30,0.238095238,12
Jeff Mathis,1983,2005,2021,2017,34,1156,186,40,0.215053763,12
Jeff Mathis,1983,2005,2021,2018,35,1225,195,39,0.2,12
Jeff Mathis,1983,2005,2021,2019,36,1296,228,36,0.157894737,12
Gary Matthews,1974,1999,2010,2000,26,676,158,30,0.189873418,10
Gary Matthews,1974,1999,2010,2001,27,729,405,92,0.227160494,10
Gary Matthews,1974,1999,2010,2002,28,784,345,95,0.275362319,10
Gary Matthews,1974,1999,2010,2003,29,841,468,116,0.247863248,10
Gary Matthews,1974,1999,2010,2004,30,900,280,77,0.275,10
Gary Matthews,1974,1999,2010,2005,31,961,475,121,0.254736842,10
Gary Matthews,1974,1999,2010,2006,32,1024,620,194,0.312903226,10
Gary Matthews,1974,1999,2010,2007,33,1089,516,130,0.251937984,10
Gary Matthews,1974,1999,2010,2008,34,1156,426,103,0.241784038,10
Gary Matthews,1974,1999,2010,2009,35,1225,316,79,0.25,10
Joe Mauer,1983,2004,2018,2004,21,441,107,33,0.308411215,15
Joe Mauer,1983,2004,2018,2005,22,484,489,144,0.294478528,15
Joe Mauer,1983,2004,2018,2006,23,529,521,181,0.347408829,15
Joe Mauer,1983,2004,2018,2007,24,576,406,119,0.293103448,15
Joe Mauer,1983,2004,2018,2008,25,625,536,176,0.328358209,15
Joe Mauer,1983,2004,2018,2009,26,676,523,191,0.365200765,15
Joe Mauer,1983,2004,2018,2010,27,729,510,167,0.32745098,15
Joe Mauer,1983,2004,2018,2011,28,784,296,85,0.287162162,15
Joe Mauer,1983,2004,2018,2012,29,841,545,174,0.319266055,15
Joe Mauer,1983,2004,2018,2013,30,900,445,144,0.323595506,15
Joe Mauer,1983,2004,2018,2014,31,961,455,126,0.276923077,15
Joe Mauer,1983,2004,2018,2015,32,1024,592,157,0.265202703,15
Joe Mauer,1983,2004,2018,2016,33,1089,494,129,0.261133603,15
Joe Mauer,1983,2004,2018,2017,34,1156,525,160,0.304761905,15
Joe Mauer,1983,2004,2018,2018,35,1225,486,137,0.281893004,15
Brian McCann,1984,2005,2019,2005,21,441,180,50,0.277777778,15
Brian McCann,1984,2005,2019,2006,22,484,442,147,0.332579186,15
Brian McCann,1984,2005,2019,2007,23,529,504,136,0.26984127,15
Brian McCann,1984,2005,2019,2008,24,576,509,153,0.300589391,15
Brian McCann,1984,2005,2019,2009,25,625,488,137,0.280737705,15
Brian McCann,1984,2005,2019,2010,26,676,479,129,0.269311065,15
Brian McCann,1984,2005,2019,2011,27,729,466,126,0.270386266,15
Brian McCann,1984,2005,2019,2012,28,784,439,101,0.230068337,15
Brian McCann,1984,2005,2019,2013,29,841,356,91,0.255617978,15
Brian McCann,1984,2005,2019,2014,30,900,495,115,0.232323232,15
Brian McCann,1984,2005,2019,2015,31,961,465,108,0.232258065,15
Brian McCann,1984,2005,2019,2016,32,1024,429,104,0.242424242,15
Brian McCann,1984,2005,2019,2017,33,1089,349,84,0.240687679,15
Brian McCann,1984,2005,2019,2018,34,1156,189,40,0.211640212,15
Brian McCann,1984,2005,2019,2019,35,1225,277,69,0.249097473,15
John McDonald,1974,1999,2014,2002,28,784,264,66,0.25,10
John McDonald,1974,1999,2014,2003,29,841,214,46,0.214953271,10
John McDonald,1974,1999,2014,2005,31,961,166,46,0.277108434,10
John McDonald,1974,1999,2014,2006,32,1024,260,58,0.223076923,10
John McDonald,1974,1999,2014,2007,33,1089,327,82,0.250764526,10
John McDonald,1974,1999,2014,2008,34,1156,186,39,0.209677419,10
John McDonald,1974,1999,2014,2009,35,1225,151,39,0.258278146,10
John McDonald,1974,1999,2014,2010,36,1296,152,38,0.25,10
John McDonald,1974,1999,2014,2011,37,1369,227,52,0.22907489,10
John McDonald,1974,1999,2014,2012,38,1444,197,49,0.248730964,10
Nate McLouth,1981,2005,2014,2005,24,576,109,28,0.256880734,10
Nate McLouth,1981,2005,2014,2006,25,625,270,63,0.233333333,10
Nate McLouth,1981,2005,2014,2007,26,676,329,85,0.258358663,10
Nate McLouth,1981,2005,2014,2008,27,729,597,165,0.27638191,10
Nate McLouth,1981,2005,2014,2009,28,784,507,130,0.256410256,10
Nate McLouth,1981,2005,2014,2010,29,841,242,46,0.190082645,10
Nate McLouth,1981,2005,2014,2011,30,900,267,61,0.228464419,10
Nate McLouth,1981,2005,2014,2012,31,961,266,64,0.240601504,10
Nate McLouth,1981,2005,2014,2013,32,1024,531,137,0.258003766,10
Nate McLouth,1981,2005,2014,2014,33,1089,139,24,0.172661871,10
Jason Michaels,1976,2001,2011,2002,26,676,105,28,0.266666667,10
Jason Michaels,1976,2001,2011,2003,27,729,109,36,0.330275229,10
Jason Michaels,1976,2001,2011,2004,28,784,299,82,0.274247492,10
Jason Michaels,1976,2001,2011,2005,29,841,289,88,0.30449827,10
Jason Michaels,1976,2001,2011,2006,30,900,494,132,0.267206478,10
Jason Michaels,1976,2001,2011,2007,31,961,267,72,0.269662921,10
Jason Michaels,1976,2001,2011,2008,32,1024,286,64,0.223776224,10
Jason Michaels,1976,2001,2011,2009,33,1089,135,32,0.237037037,10
Jason Michaels,1976,2001,2011,2010,34,1156,186,47,0.252688172,10
Jason Michaels,1976,2001,2011,2011,35,1225,156,31,0.198717949,10
Kevin Millar,1971,1998,2009,1999,28,784,351,100,0.284900285,11
Kevin Millar,1971,1998,2009,2000,29,841,259,67,0.258687259,11
Kevin Millar,1971,1998,2009,2001,30,900,449,141,0.31403118,11
Kevin Millar,1971,1998,2009,2002,31,961,438,134,0.305936073,11
Kevin Millar,1971,1998,2009,2003,32,1024,544,150,0.275735294,11
Kevin Millar,1971,1998,2009,2004,33,1089,508,151,0.297244094,11
Kevin Millar,1971,1998,2009,2005,34,1156,449,122,0.271714922,11
Kevin Millar,1971,1998,2009,2006,35,1225,430,117,0.272093023,11
Kevin Millar,1971,1998,2009,2007,36,1296,476,121,0.254201681,11
Kevin Millar,1971,1998,2009,2008,37,1369,531,124,0.233521657,11
Kevin Millar,1971,1998,2009,2009,38,1444,251,56,0.22310757,11
Damian Miller,1969,1997,2007,1998,29,841,168,48,0.285714286,10
Damian Miller,1969,1997,2007,1999,30,900,296,80,0.27027027,10
Damian Miller,1969,1997,2007,2000,31,961,324,89,0.274691358,10
Damian Miller,1969,1997,2007,2001,32,1024,380,103,0.271052632,10
Damian Miller,1969,1997,2007,2002,33,1089,297,74,0.249158249,10
Damian Miller,1969,1997,2007,2003,34,1156,352,82,0.232954545,10
Damian Miller,1969,1997,2007,2004,35,1225,397,108,0.272040302,10
Damian Miller,1969,1997,2007,2005,36,1296,385,105,0.272727273,10
Damian Miller,1969,1997,2007,2006,37,1369,331,83,0.250755287,10
Damian Miller,1969,1997,2007,2007,38,1444,186,44,0.23655914,10
Bengie Molina,1974,1998,2010,1999,25,625,101,26,0.257425743,12
Bengie Molina,1974,1998,2010,2000,26,676,473,133,0.281183932,12
Bengie Molina,1974,1998,2010,2001,27,729,325,85,0.261538462,12
Bengie Molina,1974,1998,2010,2002,28,784,428,105,0.245327103,12
Bengie Molina,1974,1998,2010,2003,29,841,409,115,0.281173594,12
Bengie Molina,1974,1998,2010,2004,30,900,337,93,0.275964392,12
Bengie Molina,1974,1998,2010,2005,31,961,410,121,0.295121951,12
Bengie Molina,1974,1998,2010,2006,32,1024,433,123,0.284064665,12
Bengie Molina,1974,1998,2010,2007,33,1089,497,137,0.275653924,12
Bengie Molina,1974,1998,2010,2008,34,1156,530,155,0.29245283,12
Bengie Molina,1974,1998,2010,2009,35,1225,491,130,0.264765784,12
Bengie Molina,1974,1998,2010,2010,36,1296,377,94,0.24933687,12
Jose Molina,1975,1999,2014,2003,28,784,114,21,0.184210526,12
Jose Molina,1975,1999,2014,2004,29,841,203,53,0.261083744,12
Jose Molina,1975,1999,2014,2005,30,900,184,42,0.22826087,12
Jose Molina,1975,1999,2014,2006,31,961,225,54,0.24,12
Jose Molina,1975,1999,2014,2007,32,1024,191,49,0.256544503,12
Jose Molina,1975,1999,2014,2008,33,1089,268,58,0.21641791,12
Jose Molina,1975,1999,2014,2009,34,1156,138,30,0.217391304,12
Jose Molina,1975,1999,2014,2010,35,1225,167,41,0.245508982,12
Jose Molina,1975,1999,2014,2011,36,1296,171,48,0.280701754,12
Jose Molina,1975,1999,2014,2012,37,1369,251,56,0.22310757,12
Jose Molina,1975,1999,2014,2013,38,1444,283,66,0.233215548,12
Jose Molina,1975,1999,2014,2014,39,1521,225,40,0.177777778,12
Yadier Molina,1982,2004,2022,2004,22,484,135,36,0.266666667,19
Yadier Molina,1982,2004,2022,2005,23,529,385,97,0.251948052,19
Yadier Molina,1982,2004,2022,2006,24,576,417,90,0.215827338,19
Yadier Molina,1982,2004,2022,2007,25,625,353,97,0.274787535,19
Yadier Molina,1982,2004,2022,2008,26,676,444,135,0.304054054,19
Yadier Molina,1982,2004,2022,2009,27,729,481,141,0.293139293,19
Yadier Molina,1982,2004,2022,2010,28,784,465,122,0.262365591,19
Yadier Molina,1982,2004,2022,2011,29,841,475,145,0.305263158,19
Yadier Molina,1982,2004,2022,2012,30,900,505,159,0.314851485,19
Yadier Molina,1982,2004,2022,2013,31,961,505,161,0.318811881,19
Yadier Molina,1982,2004,2022,2014,32,1024,404,114,0.282178218,19
Yadier Molina,1982,2004,2022,2015,33,1089,488,132,0.270491803,19
Yadier Molina,1982,2004,2022,2016,34,1156,534,164,0.307116105,19
Yadier Molina,1982,2004,2022,2017,35,1225,501,137,0.273453094,19
Yadier Molina,1982,2004,2022,2018,36,1296,459,120,0.261437908,19
Yadier Molina,1982,2004,2022,2019,37,1369,419,113,0.269689737,19
Yadier Molina,1982,2004,2022,2020,38,1444,145,38,0.262068966,19
Yadier Molina,1982,2004,2022,2021,39,1521,440,111,0.252272727,19
Yadier Molina,1982,2004,2022,2022,40,1600,262,56,0.213740458,19
Melvin Mora,1972,1999,2011,2000,28,784,414,114,0.275362319,12
Melvin Mora,1972,1999,2011,2001,29,841,436,109,0.25,12
Melvin Mora,1972,1999,2011,2002,30,900,557,130,0.233393178,12
Melvin Mora,1972,1999,2011,2003,31,961,344,109,0.316860465,12
Melvin Mora,1972,1999,2011,2004,32,1024,550,187,0.34,12
Melvin Mora,1972,1999,2011,2005,33,1089,593,168,0.283305228,12
Melvin Mora,1972,1999,2011,2006,34,1156,624,171,0.274038462,12
Melvin Mora,1972,1999,2011,2007,35,1225,467,128,0.274089936,12
Melvin Mora,1972,1999,2011,2008,36,1296,513,146,0.28460039,12
Melvin Mora,1972,1999,2011,2009,37,1369,450,117,0.26,12
Melvin Mora,1972,1999,2011,2010,38,1444,316,90,0.284810127,12
Melvin Mora,1972,1999,2011,2011,39,1521,127,29,0.228346457,12
Justin Morneau,1981,2003,2016,2003,22,484,106,24,0.226415094,14
Justin Morneau,1981,2003,2016,2004,23,529,280,76,0.271428571,14
Justin Morneau,1981,2003,2016,2005,24,576,490,117,0.23877551,14
Justin Morneau,1981,2003,2016,2006,25,625,592,190,0.320945946,14
Justin Morneau,1981,2003,2016,2007,26,676,590,160,0.271186441,14
Justin Morneau,1981,2003,2016,2008,27,729,623,187,0.300160514,14
Justin Morneau,1981,2003,2016,2009,28,784,508,139,0.273622047,14
Justin Morneau,1981,2003,2016,2010,29,841,296,102,0.344594595,14
Justin Morneau,1981,2003,2016,2011,30,900,264,60,0.227272727,14
Justin Morneau,1981,2003,2016,2012,31,961,505,135,0.267326733,14
Justin Morneau,1981,2003,2016,2013,32,1024,572,148,0.258741259,14
Justin Morneau,1981,2003,2016,2014,33,1089,502,160,0.3187251,14
Justin Morneau,1981,2003,2016,2015,34,1156,168,52,0.30952381,14
Justin Morneau,1981,2003,2016,2016,35,1225,203,53,0.261083744,14
Bill Mueller,1971,1996,2006,1996,25,625,200,66,0.33,11
Bill Mueller,1971,1996,2006,1997,26,676,390,114,0.292307692,11
Bill Mueller,1971,1996,2006,1998,27,729,534,157,0.294007491,11
Bill Mueller,1971,1996,2006,1999,28,784,414,120,0.289855072,11
Bill Mueller,1971,1996,2006,2000,29,841,560,150,0.267857143,11
Bill Mueller,1971,1996,2006,2001,30,900,210,62,0.295238095,11
Bill Mueller,1971,1996,2006,2002,31,961,366,96,0.262295082,11
Bill Mueller,1971,1996,2006,2003,32,1024,524,171,0.326335878,11
Bill Mueller,1971,1996,2006,2004,33,1089,399,113,0.28320802,11
Bill Mueller,1971,1996,2006,2005,34,1156,519,153,0.294797688,11
Bill Mueller,1971,1996,2006,2006,35,1225,107,27,0.252336449,11
Dioner Navarro,1984,2004,2016,2005,21,441,176,48,0.272727273,11
Dioner Navarro,1984,2004,2016,2006,22,484,268,68,0.253731343,11
Dioner Navarro,1984,2004,2016,2007,23,529,388,88,0.226804124,11
Dioner Navarro,1984,2004,2016,2008,24,576,427,126,0.295081967,11
Dioner Navarro,1984,2004,2016,2009,25,625,376,82,0.218085106,11
Dioner Navarro,1984,2004,2016,2010,26,676,124,24,0.193548387,11
Dioner Navarro,1984,2004,2016,2011,27,729,176,34,0.193181818,11
Dioner Navarro,1984,2004,2016,2013,29,841,240,72,0.3,11
Dioner Navarro,1984,2004,2016,2014,30,900,481,132,0.274428274,11
Dioner Navarro,1984,2004,2016,2015,31,961,171,42,0.245614035,11
Dioner Navarro,1984,2004,2016,2016,32,1024,304,63,0.207236842,11
Phil Nevin,1971,1995,2006,1995,24,576,156,28,0.179487179,12
Phil Nevin,1971,1995,2006,1996,25,625,120,35,0.291666667,12
Phil Nevin,1971,1995,2006,1997,26,676,251,59,0.235059761,12
Phil Nevin,1971,1995,2006,1998,27,729,237,54,0.227848101,12
Phil Nevin,1971,1995,2006,1999,28,784,383,103,0.268929504,12
Phil Nevin,1971,1995,2006,2000,29,841,538,163,0.302973978,12
Phil Nevin,1971,1995,2006,2001,30,900,546,167,0.305860806,12
Phil Nevin,1971,1995,2006,2002,31,961,407,116,0.285012285,12
Phil Nevin,1971,1995,2006,2003,32,1024,226,63,0.278761062,12
Phil Nevin,1971,1995,2006,2004,33,1089,547,158,0.288848263,12
Phil Nevin,1971,1995,2006,2005,34,1156,380,90,0.236842105,12
Phil Nevin,1971,1995,2006,2006,35,1225,397,95,0.23929471,12
Miguel Olivo,1978,2002,2014,2003,25,625,317,75,0.23659306,10
Miguel Olivo,1978,2002,2014,2004,26,676,301,70,0.23255814,10
Miguel Olivo,1978,2002,2014,2005,27,729,267,58,0.217228464,10
Miguel Olivo,1978,2002,2014,2006,28,784,430,113,0.262790698,10
Miguel Olivo,1978,2002,2014,2007,29,841,452,107,0.236725664,10
Miguel Olivo,1978,2002,2014,2008,30,900,306,78,0.254901961,10
Miguel Olivo,1978,2002,2014,2009,31,961,390,97,0.248717949,10
Miguel Olivo,1978,2002,2014,2010,32,1024,394,106,0.269035533,10
Miguel Olivo,1978,2002,2014,2011,33,1089,477,107,0.224318658,10
Miguel Olivo,1978,2002,2014,2012,34,1156,315,70,0.222222222,10
Magglio Ordonez,1974,1997,2011,1998,24,576,535,151,0.282242991,14
Magglio Ordonez,1974,1997,2011,1999,25,625,624,188,0.301282051,14
Magglio Ordonez,1974,1997,2011,2000,26,676,588,185,0.31462585,14
Magglio Ordonez,1974,1997,2011,2001,27,729,593,181,0.305227656,14
Magglio Ordonez,1974,1997,2011,2002,28,784,590,189,0.320338983,14
Magglio Ordonez,1974,1997,2011,2003,29,841,606,192,0.316831683,14
Magglio Ordonez,1974,1997,2011,2004,30,900,202,59,0.292079208,14
Magglio Ordonez,1974,1997,2011,2005,31,961,305,92,0.301639344,14
Magglio Ordonez,1974,1997,2011,2006,32,1024,593,177,0.298482293,14
Magglio Ordonez,1974,1997,2011,2007,33,1089,595,216,0.36302521,14
Magglio Ordonez,1974,1997,2011,2008,34,1156,561,178,0.317290553,14
Magglio Ordonez,1974,1997,2011,2009,35,1225,465,144,0.309677419,14
Magglio Ordonez,1974,1997,2011,2010,36,1296,323,98,0.303405573,14
Magglio Ordonez,1974,1997,2011,2011,37,1369,329,84,0.255319149,14
David Ortiz,1975,1997,2016,1998,23,529,278,77,0.276978417,18
David Ortiz,1975,1997,2016,2000,25,625,415,117,0.281927711,18
David Ortiz,1975,1997,2016,2001,26,676,303,71,0.234323432,18
David Ortiz,1975,1997,2016,2002,27,729,412,112,0.27184466,18
David Ortiz,1975,1997,2016,2003,28,784,448,129,0.287946429,18
David Ortiz,1975,1997,2016,2004,29,841,582,175,0.300687285,18
David Ortiz,1975,1997,2016,2005,30,900,601,180,0.299500832,18
David Ortiz,1975,1997,2016,2006,31,961,558,160,0.286738351,18
David Ortiz,1975,1997,2016,2007,32,1024,549,182,0.33151184,18
David Ortiz,1975,1997,2016,2008,33,1089,416,110,0.264423077,18
David Ortiz,1975,1997,2016,2009,34,1156,541,129,0.23844732,18
David Ortiz,1975,1997,2016,2010,35,1225,518,140,0.27027027,18
David Ortiz,1975,1997,2016,2011,36,1296,525,162,0.308571429,18
David Ortiz,1975,1997,2016,2012,37,1369,324,103,0.317901235,18
David Ortiz,1975,1997,2016,2013,38,1444,518,160,0.308880309,18
David Ortiz,1975,1997,2016,2014,39,1521,518,136,0.262548263,18
David Ortiz,1975,1997,2016,2015,40,1600,528,144,0.272727273,18
David Ortiz,1975,1997,2016,2016,41,1681,537,169,0.314711359,18
Lyle Overbay,1977,2001,2014,2003,26,676,254,70,0.275590551,12
Lyle Overbay,1977,2001,2014,2004,27,729,579,174,0.300518135,12
Lyle Overbay,1977,2001,2014,2005,28,784,537,148,0.275605214,12
Lyle Overbay,1977,2001,2014,2006,29,841,581,181,0.311531842,12
Lyle Overbay,1977,2001,2014,2007,30,900,425,102,0.24,12
Lyle Overbay,1977,2001,2014,2008,31,961,544,147,0.270220588,12
Lyle Overbay,1977,2001,2014,2009,32,1024,423,112,0.264775414,12
Lyle Overbay,1977,2001,2014,2010,33,1089,534,130,0.243445693,12
Lyle Overbay,1977,2001,2014,2011,34,1156,394,92,0.233502538,12
Lyle Overbay,1977,2001,2014,2012,35,1225,116,30,0.25862069,12
Lyle Overbay,1977,2001,2014,2013,36,1296,445,107,0.240449438,12
Lyle Overbay,1977,2001,2014,2014,37,1369,258,60,0.23255814,12
Orlando Palmeiro,1969,1995,2007,1997,28,784,134,29,0.21641791,11
Orlando Palmeiro,1969,1995,2007,1998,29,841,165,53,0.321212121,11
Orlando Palmeiro,1969,1995,2007,1999,30,900,317,88,0.277602524,11
Orlando Palmeiro,1969,1995,2007,2000,31,961,243,73,0.300411523,11
Orlando Palmeiro,1969,1995,2007,2001,32,1024,230,56,0.243478261,11
Orlando Palmeiro,1969,1995,2007,2002,33,1089,263,79,0.300380228,11
Orlando Palmeiro,1969,1995,2007,2003,34,1156,317,86,0.271293375,11
Orlando Palmeiro,1969,1995,2007,2004,35,1225,133,32,0.240601504,11
Orlando Palmeiro,1969,1995,2007,2005,36,1296,204,58,0.284313725,11
Orlando Palmeiro,1969,1995,2007,2006,37,1369,119,30,0.25210084,11
Orlando Palmeiro,1969,1995,2007,2007,38,1444,103,24,0.233009709,11
Corey Patterson,1979,2000,2011,2001,22,484,131,29,0.221374046,10
Corey Patterson,1979,2000,2011,2002,23,529,592,150,0.253378378,10
Corey Patterson,1979,2000,2011,2003,24,576,329,98,0.29787234,10
Corey Patterson,1979,2000,2011,2004,25,625,631,168,0.266244057,10
Corey Patterson,1979,2000,2011,2005,26,676,451,97,0.215077605,10
Corey Patterson,1979,2000,2011,2006,27,729,463,128,0.276457883,10
Corey Patterson,1979,2000,2011,2007,28,784,461,124,0.268980477,10
Corey Patterson,1979,2000,2011,2008,29,841,366,75,0.204918033,10
Corey Patterson,1979,2000,2011,2010,31,961,308,83,0.269480519,10
Corey Patterson,1979,2000,2011,2011,32,1024,368,88,0.239130435,10
Carlos Peña,1978,2001,2014,2002,24,576,397,96,0.241813602,11
Carlos Peña,1978,2001,2014,2003,25,625,452,112,0.247787611,11
Carlos Peña,1978,2001,2014,2004,26,676,481,116,0.241164241,11
Carlos Peña,1978,2001,2014,2005,27,729,260,61,0.234615385,11
Carlos Peña,1978,2001,2014,2007,29,841,490,138,0.281632653,11
Carlos Peña,1978,2001,2014,2008,30,900,490,121,0.246938776,11
Carlos Peña,1978,2001,2014,2009,31,961,471,107,0.227176221,11
Carlos Peña,1978,2001,2014,2010,32,1024,484,95,0.196280992,11
Carlos Peña,1978,2001,2014,2011,33,1089,493,111,0.22515213,11
Carlos Peña,1978,2001,2014,2012,34,1156,497,98,0.197183099,11
Carlos Peña,1978,2001,2014,2013,35,1225,280,58,0.207142857,11
Jhonny Peralta,1982,2003,2017,2003,21,441,242,55,0.227272727,13
Jhonny Peralta,1982,2003,2017,2005,23,529,504,147,0.291666667,13
Jhonny Peralta,1982,2003,2017,2006,24,576,569,146,0.25659051,13
Jhonny Peralta,1982,2003,2017,2007,25,625,574,155,0.270034843,13
Jhonny Peralta,1982,2003,2017,2008,26,676,605,167,0.276033058,13
Jhonny Peralta,1982,2003,2017,2009,27,729,582,148,0.254295533,13
Jhonny Peralta,1982,2003,2017,2010,28,784,551,137,0.248638838,13
Jhonny Peralta,1982,2003,2017,2011,29,841,525,157,0.299047619,13
Jhonny Peralta,1982,2003,2017,2012,30,900,531,127,0.239171375,13
Jhonny Peralta,1982,2003,2017,2013,31,961,409,124,0.303178484,13
Jhonny Peralta,1982,2003,2017,2014,32,1024,560,147,0.2625,13
Jhonny Peralta,1982,2003,2017,2015,33,1089,579,159,0.274611399,13
Jhonny Peralta,1982,2003,2017,2016,34,1156,289,75,0.259515571,13
Neifi Perez,1973,1996,2007,1997,24,576,313,91,0.290734824,10
Neifi Perez,1973,1996,2007,1998,25,625,647,177,0.273570325,10
Neifi Perez,1973,1996,2007,1999,26,676,690,193,0.279710145,10
Neifi Perez,1973,1996,2007,2000,27,729,651,187,0.287250384,10
Neifi Perez,1973,1996,2007,2001,28,784,581,162,0.278829604,10
Neifi Perez,1973,1996,2007,2002,29,841,554,131,0.236462094,10
Neifi Perez,1973,1996,2007,2003,30,900,328,84,0.256097561,10
Neifi Perez,1973,1996,2007,2004,31,961,381,97,0.254593176,10
Neifi Perez,1973,1996,2007,2005,32,1024,572,157,0.274475524,10
Neifi Perez,1973,1996,2007,2006,33,1089,301,73,0.242524917,10
Brandon Phillips,1981,2002,2018,2003,22,484,370,77,0.208108108,13
Brandon Phillips,1981,2002,2018,2006,25,625,536,148,0.276119403,13
Brandon Phillips,1981,2002,2018,2007,26,676,650,187,0.287692308,13
Brandon Phillips,1981,2002,2018,2008,27,729,559,146,0.26118068,13
Brandon Phillips,1981,2002,2018,2009,28,784,584,161,0.275684932,13
Brandon Phillips,1981,2002,2018,2010,29,841,626,172,0.274760383,13
Brandon Phillips,1981,2002,2018,2011,30,900,610,183,0.3,13
Brandon Phillips,1981,2002,2018,2012,31,961,580,163,0.281034483,13
Brandon Phillips,1981,2002,2018,2013,32,1024,606,158,0.260726073,13
Brandon Phillips,1981,2002,2018,2014,33,1089,462,123,0.266233766,13
Brandon Phillips,1981,2002,2018,2015,34,1156,588,173,0.294217687,13
Brandon Phillips,1981,2002,2018,2016,35,1225,550,160,0.290909091,13
Brandon Phillips,1981,2002,2018,2017,36,1296,572,163,0.284965035,13
Juan Pierre,1977,2000,2013,2000,23,529,200,62,0.31,14
Juan Pierre,1977,2000,2013,2001,24,576,617,202,0.3273906,14
Juan Pierre,1977,2000,2013,2002,25,625,592,170,0.287162162,14
Juan Pierre,1977,2000,2013,2003,26,676,668,204,0.305389222,14
Juan Pierre,1977,2000,2013,2004,27,729,678,221,0.325958702,14
Juan Pierre,1977,2000,2013,2005,28,784,656,181,0.275914634,14
Juan Pierre,1977,2000,2013,2006,29,841,699,204,0.291845494,14
Juan Pierre,1977,2000,2013,2007,30,900,668,196,0.293413174,14
Juan Pierre,1977,2000,2013,2008,31,961,375,106,0.282666667,14
Juan Pierre,1977,2000,2013,2009,32,1024,380,117,0.307894737,14
Juan Pierre,1977,2000,2013,2010,33,1089,651,179,0.274961598,14
Juan Pierre,1977,2000,2013,2011,34,1156,639,178,0.27856025,14
Juan Pierre,1977,2000,2013,2012,35,1225,394,121,0.307106599,14
Juan Pierre,1977,2000,2013,2013,36,1296,308,76,0.246753247,14
A. J. Pierzynski,1976,1998,2016,2001,25,625,381,110,0.288713911,16
A. J. Pierzynski,1976,1998,2016,2002,26,676,440,132,0.3,16
A. J. Pierzynski,1976,1998,2016,2003,27,729,487,152,0.31211499,16
A. J. Pierzynski,1976,1998,2016,2004,28,784,471,128,0.271762208,16
A. J. Pierzynski,1976,1998,2016,2005,29,841,460,118,0.256521739,16
A. J. Pierzynski,1976,1998,2016,2006,30,900,509,150,0.294695481,16
A. J. Pierzynski,1976,1998,2016,2007,31,961,472,124,0.262711864,16
A. J. Pierzynski,1976,1998,2016,2008,32,1024,534,150,0.280898876,16
A. J. Pierzynski,1976,1998,2016,2009,33,1089,504,151,0.299603175,16
A. J. Pierzynski,1976,1998,2016,2010,34,1156,474,128,0.270042194,16
A. J. Pierzynski,1976,1998,2016,2011,35,1225,464,133,0.286637931,16
A. J. Pierzynski,1976,1998,2016,2012,36,1296,479,133,0.277661795,16
A. J. Pierzynski,1976,1998,2016,2013,37,1369,503,137,0.272365805,16
A. J. Pierzynski,1976,1998,2016,2014,38,1444,338,85,0.25147929,16
A. J. Pierzynski,1976,1998,2016,2015,39,1521,407,122,0.2997543,16
A. J. Pierzynski,1976,1998,2016,2016,40,1600,247,54,0.218623482,16
Placido Polanco,1975,1998,2013,1998,23,529,114,29,0.254385965,16
Placido Polanco,1975,1998,2013,1999,24,576,220,61,0.277272727,16
Placido Polanco,1975,1998,2013,2000,25,625,323,102,0.315789474,16
Placido Polanco,1975,1998,2013,2001,26,676,564,173,0.306737589,16
Placido Polanco,1975,1998,2013,2002,27,729,548,158,0.288321168,16
Placido Polanco,1975,1998,2013,2003,28,784,492,142,0.288617886,16
Placido Polanco,1975,1998,2013,2004,29,841,503,150,0.298210736,16
Placido Polanco,1975,1998,2013,2005,30,900,501,166,0.331337325,16
Placido Polanco,1975,1998,2013,2006,31,961,461,136,0.295010846,16
Placido Polanco,1975,1998,2013,2007,32,1024,587,200,0.340715503,16
Placido Polanco,1975,1998,2013,2008,33,1089,580,178,0.306896552,16
Placido Polanco,1975,1998,2013,2009,34,1156,618,176,0.284789644,16
Placido Polanco,1975,1998,2013,2010,35,1225,554,165,0.297833935,16
Placido Polanco,1975,1998,2013,2011,36,1296,469,130,0.277185501,16
Placido Polanco,1975,1998,2013,2012,37,1369,303,78,0.257425743,16
Placido Polanco,1975,1998,2013,2013,38,1444,377,98,0.25994695,16
Jorge Posada,1970,1995,2011,1997,27,729,188,47,0.25,15
Jorge Posada,1970,1995,2011,1998,28,784,358,96,0.268156425,15
Jorge Posada,1970,1995,2011,1999,29,841,379,93,0.245382586,15
Jorge Posada,1970,1995,2011,2000,30,900,505,145,0.287128713,15
Jorge Posada,1970,1995,2011,2001,31,961,484,134,0.276859504,15
Jorge Posada,1970,1995,2011,2002,32,1024,511,137,0.268101761,15
Jorge Posada,1970,1995,2011,2003,33,1089,481,135,0.280665281,15
Jorge Posada,1970,1995,2011,2004,34,1156,449,122,0.271714922,15
Jorge Posada,1970,1995,2011,2005,35,1225,474,124,0.261603376,15
Jorge Posada,1970,1995,2011,2006,36,1296,465,129,0.277419355,15
Jorge Posada,1970,1995,2011,2007,37,1369,506,171,0.337944664,15
Jorge Posada,1970,1995,2011,2008,38,1444,168,45,0.267857143,15
Jorge Posada,1970,1995,2011,2009,39,1521,383,109,0.2845953,15
Jorge Posada,1970,1995,2011,2010,40,1600,383,95,0.248041775,15
Jorge Posada,1970,1995,2011,2011,41,1681,344,81,0.235465116,15
Albert Pujols,1980,2001,2022,2001,21,441,590,194,0.328813559,22
Albert Pujols,1980,2001,2022,2002,22,484,590,185,0.313559322,22
Albert Pujols,1980,2001,2022,2003,23,529,591,212,0.358714044,22
Albert Pujols,1980,2001,2022,2004,24,576,592,196,0.331081081,22
Albert Pujols,1980,2001,2022,2005,25,625,591,195,0.329949239,22
Albert Pujols,1980,2001,2022,2006,26,676,535,177,0.330841121,22
Albert Pujols,1980,2001,2022,2007,27,729,565,185,0.327433628,22
Albert Pujols,1980,2001,2022,2008,28,784,524,187,0.356870229,22
Albert Pujols,1980,2001,2022,2009,29,841,568,186,0.327464789,22
Albert Pujols,1980,2001,2022,2010,30,900,587,183,0.311754685,22
Albert Pujols,1980,2001,2022,2011,31,961,579,173,0.298791019,22
Albert Pujols,1980,2001,2022,2012,32,1024,607,173,0.285008237,22
Albert Pujols,1980,2001,2022,2013,33,1089,391,101,0.25831202,22
Albert Pujols,1980,2001,2022,2014,34,1156,633,172,0.271721959,22
Albert Pujols,1980,2001,2022,2015,35,1225,602,147,0.244186047,22
Albert Pujols,1980,2001,2022,2016,36,1296,593,159,0.268128162,22
Albert Pujols,1980,2001,2022,2017,37,1369,593,143,0.241146712,22
Albert Pujols,1980,2001,2022,2018,38,1444,465,114,0.24516129,22
Albert Pujols,1980,2001,2022,2019,39,1521,491,120,0.244399185,22
Albert Pujols,1980,2001,2022,2020,40,1600,152,34,0.223684211,22
Albert Pujols,1980,2001,2022,2021,41,1681,275,65,0.236363636,22
Albert Pujols,1980,2001,2022,2022,42,1764,307,83,0.270358306,22
Nick Punto,1977,2001,2014,2005,28,784,394,94,0.23857868,10
Nick Punto,1977,2001,2014,2006,29,841,459,133,0.289760349,10
Nick Punto,1977,2001,2014,2007,30,900,472,99,0.209745763,10
Nick Punto,1977,2001,2014,2008,31,961,338,96,0.284023669,10
Nick Punto,1977,2001,2014,2009,32,1024,359,82,0.228412256,10
Nick Punto,1977,2001,2014,2010,33,1089,252,60,0.238095238,10
Nick Punto,1977,2001,2014,2011,34,1156,133,37,0.278195489,10
Nick Punto,1977,2001,2014,2012,35,1225,160,35,0.21875,10
Nick Punto,1977,2001,2014,2013,36,1296,294,75,0.255102041,10
Nick Punto,1977,2001,2014,2014,37,1369,198,41,0.207070707,10
Ryan Raburn,1981,2004,2017,2007,26,676,138,42,0.304347826,10
Ryan Raburn,1981,2004,2017,2008,27,729,182,43,0.236263736,10
Ryan Raburn,1981,2004,2017,2009,28,784,261,76,0.291187739,10
Ryan Raburn,1981,2004,2017,2010,29,841,371,104,0.28032345,10
Ryan Raburn,1981,2004,2017,2011,30,900,387,99,0.255813953,10
Ryan Raburn,1981,2004,2017,2012,31,961,205,35,0.170731707,10
Ryan Raburn,1981,2004,2017,2013,32,1024,243,66,0.271604938,10
Ryan Raburn,1981,2004,2017,2014,33,1089,195,39,0.2,10
Ryan Raburn,1981,2004,2017,2015,34,1156,173,52,0.300578035,10
Ryan Raburn,1981,2004,2017,2016,35,1225,223,49,0.219730942,10
Aramis Ramirez,1978,1998,2015,1998,20,400,251,59,0.235059761,17
Aramis Ramirez,1978,1998,2015,2000,22,484,254,65,0.255905512,17
Aramis Ramirez,1978,1998,2015,2001,23,529,603,181,0.300165837,17
Aramis Ramirez,1978,1998,2015,2002,24,576,522,122,0.233716475,17
Aramis Ramirez,1978,1998,2015,2003,25,625,607,165,0.271828666,17
Aramis Ramirez,1978,1998,2015,2004,26,676,547,174,0.31809872,17
Aramis Ramirez,1978,1998,2015,2005,27,729,463,140,0.30237581,17
Aramis Ramirez,1978,1998,2015,2006,28,784,594,173,0.291245791,17
Aramis Ramirez,1978,1998,2015,2007,29,841,506,157,0.31027668,17
Aramis Ramirez,1978,1998,2015,2008,30,900,554,160,0.288808664,17
Aramis Ramirez,1978,1998,2015,2009,31,961,306,97,0.316993464,17
Aramis Ramirez,1978,1998,2015,2010,32,1024,465,112,0.240860215,17
Aramis Ramirez,1978,1998,2015,2011,33,1089,565,173,0.30619469,17
Aramis Ramirez,1978,1998,2015,2012,34,1156,570,171,0.3,17
Aramis Ramirez,1978,1998,2015,2013,35,1225,304,86,0.282894737,17
Aramis Ramirez,1978,1998,2015,2014,36,1296,494,141,0.285425101,17
Aramis Ramirez,1978,1998,2015,2015,37,1369,475,117,0.246315789,17
Hanley Ramirez,1983,2005,2019,2006,23,529,633,185,0.292259084,13
Hanley Ramirez,1983,2005,2019,2007,24,576,639,212,0.331768388,13
Hanley Ramirez,1983,2005,2019,2008,25,625,589,177,0.300509338,13
Hanley Ramirez,1983,2005,2019,2009,26,676,576,197,0.342013889,13
Hanley Ramirez,1983,2005,2019,2010,27,729,543,163,0.300184162,13
Hanley Ramirez,1983,2005,2019,2011,28,784,338,82,0.24260355,13
Hanley Ramirez,1983,2005,2019,2012,29,841,604,155,0.256622517,13
Hanley Ramirez,1983,2005,2019,2013,30,900,304,105,0.345394737,13
Hanley Ramirez,1983,2005,2019,2014,31,961,449,127,0.28285078,13
Hanley Ramirez,1983,2005,2019,2015,32,1024,401,100,0.249376559,13
Hanley Ramirez,1983,2005,2019,2016,33,1089,549,157,0.285974499,13
Hanley Ramirez,1983,2005,2019,2017,34,1156,496,120,0.241935484,13
Hanley Ramirez,1983,2005,2019,2018,35,1225,177,45,0.254237288,13
Joe Randa,1969,1995,2006,1996,27,729,337,102,0.302670623,11
Joe Randa,1969,1995,2006,1997,28,784,443,134,0.30248307,11
Joe Randa,1969,1995,2006,1998,29,841,460,117,0.254347826,11
Joe Randa,1969,1995,2006,1999,30,900,628,197,0.313694268,11
Joe Randa,1969,1995,2006,2000,31,961,612,186,0.303921569,11
Joe Randa,1969,1995,2006,2001,32,1024,581,147,0.253012048,11
Joe Randa,1969,1995,2006,2002,33,1089,549,155,0.282331512,11
Joe Randa,1969,1995,2006,2003,34,1156,502,146,0.290836653,11
Joe Randa,1969,1995,2006,2004,35,1225,485,139,0.286597938,11
Joe Randa,1969,1995,2006,2005,36,1296,555,153,0.275675676,11
Joe Randa,1969,1995,2006,2006,37,1369,206,55,0.266990291,11
Mike Redmond,1971,1998,2010,1998,27,729,118,39,0.330508475,12
Mike Redmond,1971,1998,2010,1999,28,784,242,73,0.301652893,12
Mike Redmond,1971,1998,2010,2000,29,841,210,53,0.252380952,12
Mike Redmond,1971,1998,2010,2001,30,900,141,44,0.312056738,12
Mike Redmond,1971,1998,2010,2002,31,961,256,78,0.3046875,12
Mike Redmond,1971,1998,2010,2003,32,1024,125,30,0.24,12
Mike Redmond,1971,1998,2010,2004,33,1089,246,63,0.256097561,12
Mike Redmond,1971,1998,2010,2005,34,1156,148,46,0.310810811,12
Mike Redmond,1971,1998,2010,2006,35,1225,179,61,0.340782123,12
Mike Redmond,1971,1998,2010,2007,36,1296,272,80,0.294117647,12
Mike Redmond,1971,1998,2010,2008,37,1369,129,37,0.286821705,12
Mike Redmond,1971,1998,2010,2009,38,1444,135,32,0.237037037,12
Edgar Renteria,1976,1996,2011,1996,20,400,431,133,0.308584687,16
Edgar Renteria,1976,1996,2011,1997,21,441,617,171,0.277147488,16
Edgar Renteria,1976,1996,2011,1998,22,484,517,146,0.282398453,16
Edgar Renteria,1976,1996,2011,1999,23,529,585,161,0.275213675,16
Edgar Renteria,1976,1996,2011,2000,24,576,562,156,0.277580071,16
Edgar Renteria,1976,1996,2011,2001,25,625,493,128,0.259634888,16
Edgar Renteria,1976,1996,2011,2002,26,676,544,166,0.305147059,16
Edgar Renteria,1976,1996,2011,2003,27,729,587,194,0.330494037,16
Edgar Renteria,1976,1996,2011,2004,28,784,586,168,0.28668942,16
Edgar Renteria,1976,1996,2011,2005,29,841,623,172,0.276083467,16
Edgar Renteria,1976,1996,2011,2006,30,900,598,175,0.29264214,16
Edgar Renteria,1976,1996,2011,2007,31,961,494,164,0.331983806,16
Edgar Renteria,1976,1996,2011,2008,32,1024,503,136,0.270377734,16
Edgar Renteria,1976,1996,2011,2009,33,1089,460,115,0.25,16
Edgar Renteria,1976,1996,2011,2010,34,1156,243,67,0.275720165,16
Edgar Renteria,1976,1996,2011,2011,35,1225,299,75,0.25083612,16
Jose Reyes,1983,2003,2018,2003,20,400,274,84,0.306569343,16
Jose Reyes,1983,2003,2018,2004,21,441,220,56,0.254545455,16
Jose Reyes,1983,2003,2018,2005,22,484,696,190,0.272988506,16
Jose Reyes,1983,2003,2018,2006,23,529,647,194,0.29984544,16
Jose Reyes,1983,2003,2018,2007,24,576,681,191,0.280469897,16
Jose Reyes,1983,2003,2018,2008,25,625,688,204,0.296511628,16
Jose Reyes,1983,2003,2018,2009,26,676,147,41,0.278911565,16
Jose Reyes,1983,2003,2018,2010,27,729,563,159,0.282415631,16
Jose Reyes,1983,2003,2018,2011,28,784,537,181,0.337057728,16
Jose Reyes,1983,2003,2018,2012,29,841,642,184,0.286604361,16
Jose Reyes,1983,2003,2018,2013,30,900,382,113,0.295811518,16
Jose Reyes,1983,2003,2018,2014,31,961,610,175,0.286885246,16
Jose Reyes,1983,2003,2018,2015,32,1024,481,132,0.274428274,16
Jose Reyes,1983,2003,2018,2016,33,1089,255,68,0.266666667,16
Jose Reyes,1983,2003,2018,2017,34,1156,501,123,0.245508982,16
Jose Reyes,1983,2003,2018,2018,35,1225,228,43,0.188596491,16
Alex Rios,1981,2004,2015,2004,23,529,426,122,0.286384977,12
Alex Rios,1981,2004,2015,2005,24,576,481,126,0.261954262,12
Alex Rios,1981,2004,2015,2006,25,625,450,136,0.302222222,12
Alex Rios,1981,2004,2015,2007,26,676,643,191,0.297045101,12
Alex Rios,1981,2004,2015,2008,27,729,635,185,0.291338583,12
Alex Rios,1981,2004,2015,2009,28,784,582,144,0.24742268,12
Alex Rios,1981,2004,2015,2010,29,841,567,161,0.283950617,12
Alex Rios,1981,2004,2015,2011,30,900,537,122,0.227188082,12
Alex Rios,1981,2004,2015,2012,31,961,605,184,0.304132231,12
Alex Rios,1981,2004,2015,2013,32,1024,616,171,0.277597403,12
Alex Rios,1981,2004,2015,2014,33,1089,492,138,0.280487805,12
Alex Rios,1981,2004,2015,2015,34,1156,385,98,0.254545455,12
Brian Roberts,1977,2001,2014,2001,24,576,273,69,0.252747253,13
Brian Roberts,1977,2001,2014,2002,25,625,128,29,0.2265625,13
Brian Roberts,1977,2001,2014,2003,26,676,460,124,0.269565217,13
Brian Roberts,1977,2001,2014,2004,27,729,641,175,0.27301092,13
Brian Roberts,1977,2001,2014,2005,28,784,561,176,0.31372549,13
Brian Roberts,1977,2001,2014,2006,29,841,563,161,0.285968028,13
Brian Roberts,1977,2001,2014,2007,30,900,621,180,0.289855072,13
Brian Roberts,1977,2001,2014,2008,31,961,611,181,0.296235679,13
Brian Roberts,1977,2001,2014,2009,32,1024,632,179,0.283227848,13
Brian Roberts,1977,2001,2014,2010,33,1089,230,64,0.27826087,13
Brian Roberts,1977,2001,2014,2011,34,1156,163,36,0.220858896,13
Brian Roberts,1977,2001,2014,2013,36,1296,265,66,0.249056604,13
Brian Roberts,1977,2001,2014,2014,37,1369,317,75,0.23659306,13
Scott Rolen,1975,1996,2012,1996,21,441,130,33,0.253846154,17
Scott Rolen,1975,1996,2012,1997,22,484,561,159,0.28342246,17
Scott Rolen,1975,1996,2012,1998,23,529,601,174,0.289517471,17
Scott Rolen,1975,1996,2012,1999,24,576,421,113,0.268408551,17
Scott Rolen,1975,1996,2012,2000,25,625,483,144,0.298136646,17
Scott Rolen,1975,1996,2012,2001,26,676,554,160,0.288808664,17
Scott Rolen,1975,1996,2012,2002,27,729,580,154,0.265517241,17
Scott Rolen,1975,1996,2012,2003,28,784,559,160,0.286225403,17
Scott Rolen,1975,1996,2012,2004,29,841,500,157,0.314,17
Scott Rolen,1975,1996,2012,2005,30,900,196,46,0.234693878,17
Scott Rolen,1975,1996,2012,2006,31,961,521,154,0.295585413,17
Scott Rolen,1975,1996,2012,2007,32,1024,392,104,0.265306122,17
Scott Rolen,1975,1996,2012,2008,33,1089,408,107,0.262254902,17
Scott Rolen,1975,1996,2012,2009,34,1156,475,145,0.305263158,17
Scott Rolen,1975,1996,2012,2010,35,1225,471,134,0.284501062,17
Scott Rolen,1975,1996,2012,2011,36,1296,252,61,0.242063492,17
Scott Rolen,1975,1996,2012,2012,37,1369,294,72,0.244897959,17
Jimmy Rollins,1978,2000,2016,2001,23,529,656,180,0.274390244,16
Jimmy Rollins,1978,2000,2016,2002,24,576,637,156,0.244897959,16
Jimmy Rollins,1978,2000,2016,2003,25,625,628,165,0.262738854,16
Jimmy Rollins,1978,2000,2016,2004,26,676,657,190,0.289193303,16
Jimmy Rollins,1978,2000,2016,2005,27,729,677,196,0.289512555,16
Jimmy Rollins,1978,2000,2016,2006,28,784,689,191,0.277213353,16
Jimmy Rollins,1978,2000,2016,2007,29,841,716,212,0.296089385,16
Jimmy Rollins,1978,2000,2016,2008,30,900,556,154,0.276978417,16
Jimmy Rollins,1978,2000,2016,2009,31,961,672,168,0.25,16
Jimmy Rollins,1978,2000,2016,2010,32,1024,350,85,0.242857143,16
Jimmy Rollins,1978,2000,2016,2011,33,1089,567,152,0.268077601,16
Jimmy Rollins,1978,2000,2016,2012,34,1156,632,158,0.25,16
Jimmy Rollins,1978,2000,2016,2013,35,1225,600,151,0.251666667,16
Jimmy Rollins,1978,2000,2016,2014,36,1296,538,131,0.243494424,16
Jimmy Rollins,1978,2000,2016,2015,37,1369,517,116,0.224371373,16
Jimmy Rollins,1978,2000,2016,2016,38,1444,149,33,0.22147651,16
David Ross,1977,2002,2016,2003,26,676,124,32,0.258064516,14
David Ross,1977,2002,2016,2004,27,729,165,28,0.16969697,14
David Ross,1977,2002,2016,2005,28,784,125,30,0.24,14
David Ross,1977,2002,2016,2006,29,841,247,63,0.255060729,14
David Ross,1977,2002,2016,2007,30,900,311,63,0.202572347,14
David Ross,1977,2002,2016,2008,31,961,142,32,0.225352113,14
David Ross,1977,2002,2016,2009,32,1024,128,35,0.2734375,14
David Ross,1977,2002,2016,2010,33,1089,121,35,0.289256198,14
David Ross,1977,2002,2016,2011,34,1156,152,40,0.263157895,14
David Ross,1977,2002,2016,2012,35,1225,176,45,0.255681818,14
David Ross,1977,2002,2016,2013,36,1296,102,22,0.215686275,14
David Ross,1977,2002,2016,2014,37,1369,152,28,0.184210526,14
David Ross,1977,2002,2016,2015,38,1444,159,28,0.176100629,14
David Ross,1977,2002,2016,2016,39,1521,166,38,0.228915663,14
Aaron Rowand,1977,2001,2011,2001,24,576,123,36,0.292682927,11
Aaron Rowand,1977,2001,2011,2002,25,625,302,78,0.258278146,11
Aaron Rowand,1977,2001,2011,2003,26,676,157,45,0.286624204,11
Aaron Rowand,1977,2001,2011,2004,27,729,487,151,0.310061602,11
Aaron Rowand,1977,2001,2011,2005,28,784,578,156,0.269896194,11
Aaron Rowand,1977,2001,2011,2006,29,841,405,106,0.261728395,11
Aaron Rowand,1977,2001,2011,2007,30,900,612,189,0.308823529,11
Aaron Rowand,1977,2001,2011,2008,31,961,549,149,0.27140255,11
Aaron Rowand,1977,2001,2011,2009,32,1024,499,130,0.260521042,11
Aaron Rowand,1977,2001,2011,2010,33,1089,331,76,0.229607251,11
Aaron Rowand,1977,2001,2011,2011,34,1156,331,77,0.232628399,11
Brian Schneider,1976,2000,2012,2000,24,576,115,27,0.234782609,11
Brian Schneider,1976,2000,2012,2002,26,676,207,57,0.275362319,11
Brian Schneider,1976,2000,2012,2003,27,729,335,77,0.229850746,11
Brian Schneider,1976,2000,2012,2004,28,784,436,112,0.256880734,11
Brian Schneider,1976,2000,2012,2005,29,841,369,99,0.268292683,11
Brian Schneider,1976,2000,2012,2006,30,900,410,105,0.256097561,11
Brian Schneider,1976,2000,2012,2007,31,961,408,96,0.235294118,11
Brian Schneider,1976,2000,2012,2008,32,1024,335,86,0.256716418,11
Brian Schneider,1976,2000,2012,2009,33,1089,170,37,0.217647059,11
Brian Schneider,1976,2000,2012,2010,34,1156,125,30,0.24,11
Brian Schneider,1976,2000,2012,2011,35,1225,125,22,0.176,11
Marco Scutaro,1975,2002,2014,2004,29,841,455,124,0.272527473,10
Marco Scutaro,1975,2002,2014,2005,30,900,381,94,0.24671916,10
Marco Scutaro,1975,2002,2014,2006,31,961,365,97,0.265753425,10
Marco Scutaro,1975,2002,2014,2007,32,1024,338,88,0.26035503,10
Marco Scutaro,1975,2002,2014,2008,33,1089,517,138,0.266924565,10
Marco Scutaro,1975,2002,2014,2009,34,1156,574,162,0.282229965,10
Marco Scutaro,1975,2002,2014,2010,35,1225,632,174,0.275316456,10
Marco Scutaro,1975,2002,2014,2011,36,1296,395,118,0.298734177,10
Marco Scutaro,1975,2002,2014,2012,37,1369,620,190,0.306451613,10
Marco Scutaro,1975,2002,2014,2013,38,1444,488,145,0.297131148,10
Richie Sexson,1974,1997,2008,1998,24,576,174,54,0.310344828,10
Richie Sexson,1974,1997,2008,1999,25,625,479,122,0.254697286,10
Richie Sexson,1974,1997,2008,2000,26,676,537,146,0.271880819,10
Richie Sexson,1974,1997,2008,2001,27,729,598,162,0.27090301,10
Richie Sexson,1974,1997,2008,2002,28,784,570,159,0.278947368,10
Richie Sexson,1974,1997,2008,2003,29,841,606,165,0.272277228,10
Richie Sexson,1974,1997,2008,2005,31,961,558,147,0.26344086,10
Richie Sexson,1974,1997,2008,2006,32,1024,591,156,0.263959391,10
Richie Sexson,1974,1997,2008,2007,33,1089,434,89,0.205069124,10
Richie Sexson,1974,1997,2008,2008,34,1156,280,62,0.221428571,10
Grady Sizemore,1982,2004,2015,2004,22,484,138,34,0.246376812,10
Grady Sizemore,1982,2004,2015,2005,23,529,640,185,0.2890625,10
Grady Sizemore,1982,2004,2015,2006,24,576,655,190,0.290076336,10
Grady Sizemore,1982,2004,2015,2007,25,625,628,174,0.277070064,10
Grady Sizemore,1982,2004,2015,2008,26,676,634,170,0.268138801,10
Grady Sizemore,1982,2004,2015,2009,27,729,436,108,0.247706422,10
Grady Sizemore,1982,2004,2015,2010,28,784,128,27,0.2109375,10
Grady Sizemore,1982,2004,2015,2011,29,841,268,60,0.223880597,10
Grady Sizemore,1982,2004,2015,2014,32,1024,347,81,0.233429395,10
Grady Sizemore,1982,2004,2015,2015,33,1089,273,69,0.252747253,10
Alfonso Soriano,1976,1999,2014,2001,25,625,574,154,0.268292683,14
Alfonso Soriano,1976,1999,2014,2002,26,676,696,209,0.300287356,14
Alfonso Soriano,1976,1999,2014,2003,27,729,682,198,0.290322581,14
Alfonso Soriano,1976,1999,2014,2004,28,784,608,170,0.279605263,14
Alfonso Soriano,1976,1999,2014,2005,29,841,637,171,0.26844584,14
Alfonso Soriano,1976,1999,2014,2006,30,900,647,179,0.276661515,14
Alfonso Soriano,1976,1999,2014,2007,31,961,579,173,0.298791019,14
Alfonso Soriano,1976,1999,2014,2008,32,1024,453,127,0.280353201,14
Alfonso Soriano,1976,1999,2014,2009,33,1089,477,115,0.241090147,14
Alfonso Soriano,1976,1999,2014,2010,34,1156,496,128,0.258064516,14
Alfonso Soriano,1976,1999,2014,2011,35,1225,475,116,0.244210526,14
Alfonso Soriano,1976,1999,2014,2012,36,1296,561,147,0.262032086,14
Alfonso Soriano,1976,1999,2014,2013,37,1369,581,148,0.254733219,14
Alfonso Soriano,1976,1999,2014,2014,38,1444,226,50,0.221238938,14
Scott Spiezio,1972,1996,2007,1997,25,625,538,131,0.243494424,10
Scott Spiezio,1972,1996,2007,1998,26,676,406,105,0.25862069,10
Scott Spiezio,1972,1996,2007,1999,27,729,247,60,0.24291498,10
Scott Spiezio,1972,1996,2007,2000,28,784,297,72,0.242424242,10
Scott Spiezio,1972,1996,2007,2001,29,841,457,124,0.271334792,10
Scott Spiezio,1972,1996,2007,2002,30,900,491,140,0.285132383,10
Scott Spiezio,1972,1996,2007,2003,31,961,521,138,0.26487524,10
Scott Spiezio,1972,1996,2007,2004,32,1024,367,79,0.215258856,10
Scott Spiezio,1972,1996,2007,2006,34,1156,276,75,0.27173913,10
Scott Spiezio,1972,1996,2007,2007,35,1225,223,60,0.269058296,10
Shannon Stewart,1974,1995,2008,1997,23,529,168,48,0.285714286,12
Shannon Stewart,1974,1995,2008,1998,24,576,516,144,0.279069767,12
Shannon Stewart,1974,1995,2008,1999,25,625,608,185,0.304276316,12
Shannon Stewart,1974,1995,2008,2000,26,676,583,186,0.319039451,12
Shannon Stewart,1974,1995,2008,2001,27,729,640,202,0.315625,12
Shannon Stewart,1974,1995,2008,2002,28,784,577,175,0.303292894,12
Shannon Stewart,1974,1995,2008,2003,29,841,573,176,0.307155323,12
Shannon Stewart,1974,1995,2008,2004,30,900,378,115,0.304232804,12
Shannon Stewart,1974,1995,2008,2005,31,961,551,151,0.274047187,12
Shannon Stewart,1974,1995,2008,2006,32,1024,174,51,0.293103448,12
Shannon Stewart,1974,1995,2008,2007,33,1089,576,167,0.289930556,12
Shannon Stewart,1974,1995,2008,2008,34,1156,175,42,0.24,12
Ichiro Suzuki,1973,2001,2019,2001,28,784,692,242,0.349710983,17
Ichiro Suzuki,1973,2001,2019,2002,29,841,647,208,0.321483771,17
Ichiro Suzuki,1973,2001,2019,2003,30,900,679,212,0.312223859,17
Ichiro Suzuki,1973,2001,2019,2004,31,961,704,262,0.372159091,17
Ichiro Suzuki,1973,2001,2019,2005,32,1024,679,206,0.303387334,17
Ichiro Suzuki,1973,2001,2019,2006,33,1089,695,224,0.322302158,17
Ichiro Suzuki,1973,2001,2019,2007,34,1156,678,238,0.351032448,17
Ichiro Suzuki,1973,2001,2019,2008,35,1225,686,213,0.310495627,17
Ichiro Suzuki,1973,2001,2019,2009,36,1296,639,225,0.352112676,17
Ichiro Suzuki,1973,2001,2019,2010,37,1369,680,214,0.314705882,17
Ichiro Suzuki,1973,2001,2019,2011,38,1444,677,184,0.271787297,17
Ichiro Suzuki,1973,2001,2019,2012,39,1521,629,178,0.282988871,17
Ichiro Suzuki,1973,2001,2019,2013,40,1600,520,136,0.261538462,17
Ichiro Suzuki,1973,2001,2019,2014,41,1681,359,102,0.284122563,17
Ichiro Suzuki,1973,2001,2019,2015,42,1764,398,91,0.228643216,17
Ichiro Suzuki,1973,2001,2019,2016,43,1849,327,95,0.290519878,17
Ichiro Suzuki,1973,2001,2019,2017,44,1936,196,50,0.255102041,17
Mike Sweeney,1973,1995,2010,1996,23,529,165,46,0.278787879,15
Mike Sweeney,1973,1995,2010,1997,24,576,240,58,0.241666667,15
Mike Sweeney,1973,1995,2010,1998,25,625,282,73,0.258865248,15
Mike Sweeney,1973,1995,2010,1999,26,676,575,185,0.32173913,15
Mike Sweeney,1973,1995,2010,2000,27,729,618,206,0.333333333,15
Mike Sweeney,1973,1995,2010,2001,28,784,559,170,0.30411449,15
Mike Sweeney,1973,1995,2010,2002,29,841,471,160,0.33970276,15
Mike Sweeney,1973,1995,2010,2003,30,900,392,115,0.293367347,15
Mike Sweeney,1973,1995,2010,2004,31,961,411,118,0.287104623,15
Mike Sweeney,1973,1995,2010,2005,32,1024,470,141,0.3,15
Mike Sweeney,1973,1995,2010,2006,33,1089,217,56,0.258064516,15
Mike Sweeney,1973,1995,2010,2007,34,1156,265,69,0.260377358,15
Mike Sweeney,1973,1995,2010,2008,35,1225,126,36,0.285714286,15
Mike Sweeney,1973,1995,2010,2009,36,1296,242,68,0.280991736,15
Mike Sweeney,1973,1995,2010,2010,37,1369,151,38,0.251655629,15
Nick Swisher,1980,2004,2015,2005,25,625,462,109,0.235930736,11
Nick Swisher,1980,2004,2015,2006,26,676,556,141,0.253597122,11
Nick Swisher,1980,2004,2015,2007,27,729,539,141,0.261595547,11
Nick Swisher,1980,2004,2015,2008,28,784,497,109,0.219315895,11
Nick Swisher,1980,2004,2015,2009,29,841,498,124,0.248995984,11
Nick Swisher,1980,2004,2015,2010,30,900,566,163,0.287985866,11
Nick Swisher,1980,2004,2015,2011,31,961,526,137,0.260456274,11
Nick Swisher,1980,2004,2015,2012,32,1024,537,146,0.271880819,11
Nick Swisher,1980,2004,2015,2013,33,1089,549,135,0.245901639,11
Nick Swisher,1980,2004,2015,2014,34,1156,360,75,0.208333333,11
Nick Swisher,1980,2004,2015,2015,35,1225,219,43,0.196347032,11
Mark Teixeira,1980,2003,2016,2003,23,529,529,137,0.258979206,13
Mark Teixeira,1980,2003,2016,2004,24,576,545,153,0.280733945,13
Mark Teixeira,1980,2003,2016,2005,25,625,644,194,0.301242236,13
Mark Teixeira,1980,2003,2016,2006,26,676,628,177,0.281847134,13
Mark Teixeira,1980,2003,2016,2007,27,729,494,151,0.305668016,13
Mark Teixeira,1980,2003,2016,2008,28,784,574,177,0.308362369,13
Mark Teixeira,1980,2003,2016,2009,29,841,609,178,0.29228243,13
Mark Teixeira,1980,2003,2016,2010,30,900,601,154,0.256239601,13
Mark Teixeira,1980,2003,2016,2011,31,961,589,146,0.247877759,13
Mark Teixeira,1980,2003,2016,2012,32,1024,451,113,0.250554324,13
Mark Teixeira,1980,2003,2016,2014,34,1156,440,95,0.215909091,13
Mark Teixeira,1980,2003,2016,2015,35,1225,392,100,0.255102041,13
Mark Teixeira,1980,2003,2016,2016,36,1296,387,79,0.204134367,13
Miguel Tejada,1974,1997,2013,1998,24,576,365,85,0.232876712,15
Miguel Tejada,1974,1997,2013,1999,25,625,593,149,0.251264755,15
Miguel Tejada,1974,1997,2013,2000,26,676,607,167,0.275123558,15
Miguel Tejada,1974,1997,2013,2001,27,729,622,166,0.266881029,15
Miguel Tejada,1974,1997,2013,2002,28,784,662,204,0.3081571,15
Miguel Tejada,1974,1997,2013,2003,29,841,636,177,0.278301887,15
Miguel Tejada,1974,1997,2013,2004,30,900,653,203,0.310872894,15
Miguel Tejada,1974,1997,2013,2005,31,961,654,199,0.304281346,15
Miguel Tejada,1974,1997,2013,2006,32,1024,648,214,0.330246914,15
Miguel Tejada,1974,1997,2013,2007,33,1089,514,152,0.295719844,15
Miguel Tejada,1974,1997,2013,2008,34,1156,632,179,0.283227848,15
Miguel Tejada,1974,1997,2013,2009,35,1225,635,199,0.313385827,15
Miguel Tejada,1974,1997,2013,2010,36,1296,636,171,0.268867925,15
Miguel Tejada,1974,1997,2013,2011,37,1369,322,77,0.239130435,15
Miguel Tejada,1974,1997,2013,2013,39,1521,156,45,0.288461538,15
Yorvit Torrealba,1978,2001,2013,2002,24,576,136,38,0.279411765,12
Yorvit Torrealba,1978,2001,2013,2003,25,625,200,52,0.26,12
Yorvit Torrealba,1978,2001,2013,2004,26,676,172,39,0.226744186,12
Yorvit Torrealba,1978,2001,2013,2005,27,729,201,47,0.233830846,12
Yorvit Torrealba,1978,2001,2013,2006,28,784,223,55,0.246636771,12
Yorvit Torrealba,1978,2001,2013,2007,29,841,396,101,0.255050505,12
Yorvit Torrealba,1978,2001,2013,2008,30,900,236,58,0.245762712,12
Yorvit Torrealba,1978,2001,2013,2009,31,961,213,62,0.291079812,12
Yorvit Torrealba,1978,2001,2013,2010,32,1024,325,88,0.270769231,12
Yorvit Torrealba,1978,2001,2013,2011,33,1089,396,108,0.272727273,12
Yorvit Torrealba,1978,2001,2013,2012,34,1156,194,44,0.226804124,12
Yorvit Torrealba,1978,2001,2013,2013,35,1225,179,43,0.240223464,12
Michael Tucker,1971,1995,2006,1995,24,576,177,46,0.259887006,11
Michael Tucker,1971,1995,2006,1996,25,625,339,88,0.259587021,11
Michael Tucker,1971,1995,2006,1997,26,676,499,141,0.28256513,11
Michael Tucker,1971,1995,2006,1998,27,729,414,101,0.243961353,11
Michael Tucker,1971,1995,2006,1999,28,784,296,75,0.253378378,11
Michael Tucker,1971,1995,2006,2000,29,841,270,72,0.266666667,11
Michael Tucker,1971,1995,2006,2001,30,900,436,110,0.252293578,11
Michael Tucker,1971,1995,2006,2002,31,961,475,118,0.248421053,11
Michael Tucker,1971,1995,2006,2003,32,1024,389,102,0.262210797,11
Michael Tucker,1971,1995,2006,2004,33,1089,464,119,0.256465517,11
Michael Tucker,1971,1995,2006,2005,34,1156,268,64,0.23880597,11
B. J. Upton,1984,2004,2016,2004,20,400,159,41,0.257861635,12
B. J. Upton,1984,2004,2016,2006,22,484,175,43,0.245714286,12
B. J. Upton,1984,2004,2016,2007,23,529,474,142,0.299578059,12
B. J. Upton,1984,2004,2016,2008,24,576,531,145,0.27306968,12
B. J. Upton,1984,2004,2016,2009,25,625,560,135,0.241071429,12
B. J. Upton,1984,2004,2016,2010,26,676,536,127,0.236940299,12
B. J. Upton,1984,2004,2016,2011,27,729,560,136,0.242857143,12
B. J. Upton,1984,2004,2016,2012,28,784,573,141,0.246073298,12
B. J. Upton,1984,2004,2016,2013,29,841,391,72,0.184143223,12
B. J. Upton,1984,2004,2016,2014,30,900,519,108,0.208092486,12
B. J. Upton,1984,2004,2016,2015,31,961,205,53,0.258536585,12
B. J. Upton,1984,2004,2016,2016,32,1024,492,117,0.237804878,12
Juan Uribe,1979,2001,2016,2001,22,484,273,82,0.3003663,16
Juan Uribe,1979,2001,2016,2002,23,529,566,136,0.240282686,16
Juan Uribe,1979,2001,2016,2003,24,576,316,80,0.253164557,16
Juan Uribe,1979,2001,2016,2004,25,625,502,142,0.282868526,16
Juan Uribe,1979,2001,2016,2005,26,676,481,121,0.251559252,16
Juan Uribe,1979,2001,2016,2006,27,729,463,109,0.235421166,16
Juan Uribe,1979,2001,2016,2007,28,784,513,120,0.233918129,16
Juan Uribe,1979,2001,2016,2008,29,841,324,80,0.24691358,16
Juan Uribe,1979,2001,2016,2009,30,900,398,115,0.288944724,16
Juan Uribe,1979,2001,2016,2010,31,961,521,129,0.247600768,16
Juan Uribe,1979,2001,2016,2011,32,1024,270,55,0.203703704,16
Juan Uribe,1979,2001,2016,2012,33,1089,162,31,0.191358025,16
Juan Uribe,1979,2001,2016,2013,34,1156,388,108,0.278350515,16
Juan Uribe,1979,2001,2016,2014,35,1225,386,120,0.310880829,16
Juan Uribe,1979,2001,2016,2015,36,1296,360,91,0.252777778,16
Juan Uribe,1979,2001,2016,2016,37,1369,238,49,0.205882353,16
Chase Utley,1978,2003,2018,2003,25,625,134,32,0.23880597,16
Chase Utley,1978,2003,2018,2004,26,676,267,71,0.265917603,16
Chase Utley,1978,2003,2018,2005,27,729,543,158,0.290976059,16
Chase Utley,1978,2003,2018,2006,28,784,658,203,0.308510638,16
Chase Utley,1978,2003,2018,2007,29,841,530,176,0.332075472,16
Chase Utley,1978,2003,2018,2008,30,900,607,177,0.291598023,16
Chase Utley,1978,2003,2018,2009,31,961,571,161,0.281961471,16
Chase Utley,1978,2003,2018,2010,32,1024,425,117,0.275294118,16
Chase Utley,1978,2003,2018,2011,33,1089,398,103,0.25879397,16
Chase Utley,1978,2003,2018,2012,34,1156,301,77,0.255813953,16
Chase Utley,1978,2003,2018,2013,35,1225,476,135,0.283613445,16
Chase Utley,1978,2003,2018,2014,36,1296,589,159,0.269949066,16
Chase Utley,1978,2003,2018,2015,37,1369,373,79,0.211796247,16
Chase Utley,1978,2003,2018,2016,38,1444,512,129,0.251953125,16
Chase Utley,1978,2003,2018,2017,39,1521,309,73,0.236245955,16
Chase Utley,1978,2003,2018,2018,40,1600,164,35,0.213414634,16
Jason Varitek,1972,1997,2011,1998,26,676,221,56,0.253393665,14
Jason Varitek,1972,1997,2011,1999,27,729,483,130,0.269151139,14
Jason Varitek,1972,1997,2011,2000,28,784,448,111,0.247767857,14
Jason Varitek,1972,1997,2011,2001,29,841,174,51,0.293103448,14
Jason Varitek,1972,1997,2011,2002,30,900,467,124,0.265524625,14
Jason Varitek,1972,1997,2011,2003,31,961,451,123,0.272727273,14
Jason Varitek,1972,1997,2011,2004,32,1024,463,137,0.295896328,14
Jason Varitek,1972,1997,2011,2005,33,1089,470,132,0.280851064,14
Jason Varitek,1972,1997,2011,2006,34,1156,365,87,0.238356164,14
Jason Varitek,1972,1997,2011,2007,35,1225,435,111,0.255172414,14
Jason Varitek,1972,1997,2011,2008,36,1296,423,93,0.219858156,14
Jason Varitek,1972,1997,2011,2009,37,1369,364,76,0.208791209,14
Jason Varitek,1972,1997,2011,2010,38,1444,112,26,0.232142857,14
Jason Varitek,1972,1997,2011,2011,39,1521,222,49,0.220720721,14
Shane Victorino,1980,2003,2015,2006,26,676,415,119,0.286746988,10
Shane Victorino,1980,2003,2015,2007,27,729,456,128,0.280701754,10
Shane Victorino,1980,2003,2015,2008,28,784,570,167,0.292982456,10
Shane Victorino,1980,2003,2015,2009,29,841,620,181,0.291935484,10
Shane Victorino,1980,2003,2015,2010,30,900,587,152,0.258943782,10
Shane Victorino,1980,2003,2015,2011,31,961,519,145,0.27938343,10
Shane Victorino,1980,2003,2015,2012,32,1024,595,152,0.255462185,10
Shane Victorino,1980,2003,2015,2013,33,1089,477,140,0.293501048,10
Shane Victorino,1980,2003,2015,2014,34,1156,123,33,0.268292683,10
Shane Victorino,1980,2003,2015,2015,35,1225,178,41,0.230337079,10
Jose Vidro,1974,1997,2008,1997,23,529,169,42,0.24852071,12
Jose Vidro,1974,1997,2008,1998,24,576,205,45,0.219512195,12
Jose Vidro,1974,1997,2008,1999,25,625,494,150,0.303643725,12
Jose Vidro,1974,1997,2008,2000,26,676,606,200,0.330033003,12
Jose Vidro,1974,1997,2008,2001,27,729,486,155,0.318930041,12
Jose Vidro,1974,1997,2008,2002,28,784,604,190,0.314569536,12
Jose Vidro,1974,1997,2008,2003,29,841,509,158,0.310412574,12
Jose Vidro,1974,1997,2008,2004,30,900,412,121,0.29368932,12
Jose Vidro,1974,1997,2008,2005,31,961,309,85,0.275080906,12
Jose Vidro,1974,1997,2008,2006,32,1024,463,134,0.289416847,12
Jose Vidro,1974,1997,2008,2007,33,1089,548,172,0.313868613,12
Jose Vidro,1974,1997,2008,2008,34,1156,308,72,0.233766234,12
Todd Walker,1973,1996,2007,1997,24,576,156,37,0.237179487,10
Todd Walker,1973,1996,2007,1998,25,625,528,167,0.316287879,10
Todd Walker,1973,1996,2007,1999,26,676,531,148,0.278719397,10
Todd Walker,1973,1996,2007,2000,27,729,248,72,0.290322581,10
Todd Walker,1973,1996,2007,2001,28,784,551,163,0.295825771,10
Todd Walker,1973,1996,2007,2002,29,841,612,183,0.299019608,10
Todd Walker,1973,1996,2007,2003,30,900,587,166,0.282793867,10
Todd Walker,1973,1996,2007,2004,31,961,372,102,0.274193548,10
Todd Walker,1973,1996,2007,2005,32,1024,397,121,0.304785894,10
Todd Walker,1973,1996,2007,2006,33,1089,442,123,0.278280543,10
Daryle Ward,1975,1998,2008,1999,24,576,150,41,0.273333333,10
Daryle Ward,1975,1998,2008,2000,25,625,264,68,0.257575758,10
Daryle Ward,1975,1998,2008,2001,26,676,213,56,0.262910798,10
Daryle Ward,1975,1998,2008,2002,27,729,453,125,0.27593819,10
Daryle Ward,1975,1998,2008,2003,28,784,109,20,0.183486239,10
Daryle Ward,1975,1998,2008,2004,29,841,293,73,0.249146758,10
Daryle Ward,1975,1998,2008,2005,30,900,407,106,0.26044226,10
Daryle Ward,1975,1998,2008,2006,31,961,130,40,0.307692308,10
Daryle Ward,1975,1998,2008,2007,32,1024,110,36,0.327272727,10
Daryle Ward,1975,1998,2008,2008,33,1089,102,22,0.215686275,10
Rickie Weeks,1982,2003,2017,2005,23,529,360,86,0.238888889,11
Rickie Weeks,1982,2003,2017,2006,24,576,359,100,0.278551532,11
Rickie Weeks,1982,2003,2017,2007,25,625,409,96,0.234718826,11
Rickie Weeks,1982,2003,2017,2008,26,676,475,111,0.233684211,11
Rickie Weeks,1982,2003,2017,2009,27,729,147,40,0.272108844,11
Rickie Weeks,1982,2003,2017,2010,28,784,651,175,0.268817204,11
Rickie Weeks,1982,2003,2017,2011,29,841,453,122,0.269315673,11
Rickie Weeks,1982,2003,2017,2012,30,900,588,135,0.229591837,11
Rickie Weeks,1982,2003,2017,2013,31,961,350,73,0.208571429,11
Rickie Weeks,1982,2003,2017,2014,32,1024,252,69,0.273809524,11
Rickie Weeks,1982,2003,2017,2016,34,1156,180,43,0.238888889,11
Vernon Wells,1978,1999,2013,2002,24,576,608,167,0.274671053,12
Vernon Wells,1978,1999,2013,2003,25,625,678,215,0.317109145,12
Vernon Wells,1978,1999,2013,2004,26,676,536,146,0.27238806,12
Vernon Wells,1978,1999,2013,2005,27,729,620,167,0.269354839,12
Vernon Wells,1978,1999,2013,2006,28,784,611,185,0.302782324,12
Vernon Wells,1978,1999,2013,2007,29,841,584,143,0.244863014,12
Vernon Wells,1978,1999,2013,2008,30,900,427,128,0.299765808,12
Vernon Wells,1978,1999,2013,2009,31,961,630,164,0.26031746,12
Vernon Wells,1978,1999,2013,2010,32,1024,590,161,0.272881356,12
Vernon Wells,1978,1999,2013,2011,33,1089,505,110,0.217821782,12
Vernon Wells,1978,1999,2013,2012,34,1156,243,56,0.230452675,12
Vernon Wells,1978,1999,2013,2013,35,1225,424,99,0.233490566,12
Jayson Werth,1979,2002,2017,2004,25,625,290,76,0.262068966,13
Jayson Werth,1979,2002,2017,2005,26,676,337,79,0.234421365,13
Jayson Werth,1979,2002,2017,2007,28,784,255,76,0.298039216,13
Jayson Werth,1979,2002,2017,2008,29,841,418,114,0.272727273,13
Jayson Werth,1979,2002,2017,2009,30,900,571,153,0.267950963,13
Jayson Werth,1979,2002,2017,2010,31,961,554,164,0.296028881,13
Jayson Werth,1979,2002,2017,2011,32,1024,561,130,0.231729055,13
Jayson Werth,1979,2002,2017,2012,33,1089,300,90,0.3,13
Jayson Werth,1979,2002,2017,2013,34,1156,462,147,0.318181818,13
Jayson Werth,1979,2002,2017,2014,35,1225,534,156,0.292134831,13
Jayson Werth,1979,2002,2017,2015,36,1296,331,73,0.220543807,13
Jayson Werth,1979,2002,2017,2016,37,1369,525,128,0.243809524,13
Jayson Werth,1979,2002,2017,2017,38,1444,252,57,0.226190476,13
Ty Wigginton,1977,2002,2013,2002,25,625,116,35,0.301724138,11
Ty Wigginton,1977,2002,2013,2003,26,676,573,146,0.254799302,11
Ty Wigginton,1977,2002,2013,2004,27,729,494,129,0.261133603,11
Ty Wigginton,1977,2002,2013,2005,28,784,155,40,0.258064516,11
Ty Wigginton,1977,2002,2013,2006,29,841,444,122,0.274774775,11
Ty Wigginton,1977,2002,2013,2007,30,900,547,152,0.277879342,11
Ty Wigginton,1977,2002,2013,2008,31,961,386,110,0.284974093,11
Ty Wigginton,1977,2002,2013,2009,32,1024,410,112,0.273170732,11
Ty Wigginton,1977,2002,2013,2010,33,1089,581,144,0.247848537,11
Ty Wigginton,1977,2002,2013,2011,34,1156,401,97,0.241895262,11
Ty Wigginton,1977,2002,2013,2012,35,1225,315,74,0.234920635,11
Jack Wilson,1977,2001,2012,2001,24,576,390,87,0.223076923,11
Jack Wilson,1977,2001,2012,2002,25,625,527,133,0.252371917,11
Jack Wilson,1977,2001,2012,2003,26,676,558,143,0.256272401,11
Jack Wilson,1977,2001,2012,2004,27,729,652,201,0.308282209,11
Jack Wilson,1977,2001,2012,2005,28,784,587,151,0.257240204,11
Jack Wilson,1977,2001,2012,2006,29,841,543,148,0.272559853,11
Jack Wilson,1977,2001,2012,2007,30,900,477,141,0.295597484,11
Jack Wilson,1977,2001,2012,2008,31,961,305,83,0.272131148,11
Jack Wilson,1977,2001,2012,2009,32,1024,373,95,0.254691689,11
Jack Wilson,1977,2001,2012,2010,33,1089,193,48,0.248704663,11
Jack Wilson,1977,2001,2012,2011,34,1156,214,52,0.242990654,11
Randy Winn,1974,1998,2010,1998,24,576,338,94,0.278106509,13
Randy Winn,1974,1998,2010,1999,25,625,303,81,0.267326733,13
Randy Winn,1974,1998,2010,2000,26,676,159,40,0.251572327,13
Randy Winn,1974,1998,2010,2001,27,729,429,117,0.272727273,13
Randy Winn,1974,1998,2010,2002,28,784,607,181,0.298187809,13
Randy Winn,1974,1998,2010,2003,29,841,600,177,0.295,13
Randy Winn,1974,1998,2010,2004,30,900,626,179,0.285942492,13
Randy Winn,1974,1998,2010,2005,31,961,617,189,0.306320908,13
Randy Winn,1974,1998,2010,2006,32,1024,573,150,0.261780105,13
Randy Winn,1974,1998,2010,2007,33,1089,593,178,0.300168634,13
Randy Winn,1974,1998,2010,2008,34,1156,598,183,0.306020067,13
Randy Winn,1974,1998,2010,2009,35,1225,538,141,0.262081784,13
Randy Winn,1974,1998,2010,2010,36,1296,205,49,0.23902439,13
David Wright,1982,2004,2018,2004,22,484,263,77,0.292775665,13
David Wright,1982,2004,2018,2005,23,529,575,176,0.306086957,13
David Wright,1982,2004,2018,2006,24,576,582,181,0.310996564,13
David Wright,1982,2004,2018,2007,25,625,604,196,0.324503311,13
David Wright,1982,2004,2018,2008,26,676,626,189,0.301916933,13
David Wright,1982,2004,2018,2009,27,729,535,164,0.306542056,13
David Wright,1982,2004,2018,2010,28,784,587,166,0.282793867,13
David Wright,1982,2004,2018,2011,29,841,389,99,0.254498715,13
David Wright,1982,2004,2018,2012,30,900,581,178,0.30636833,13
David Wright,1982,2004,2018,2013,31,961,430,132,0.306976744,13
David Wright,1982,2004,2018,2014,32,1024,535,144,0.269158879,13
David Wright,1982,2004,2018,2015,33,1089,152,44,0.289473684,13
David Wright,1982,2004,2018,2016,34,1156,137,31,0.226277372,13
Dmitri Young,1973,1996,2008,1997,24,576,333,86,0.258258258,12
Dmitri Young,1973,1996,2008,1998,25,625,536,166,0.309701493,12
Dmitri Young,1973,1996,2008,1999,26,676,373,112,0.300268097,12
Dmitri Young,1973,1996,2008,2000,27,729,548,166,0.302919708,12
Dmitri Young,1973,1996,2008,2001,28,784,540,163,0.301851852,12
Dmitri Young,1973,1996,2008,2002,29,841,201,57,0.28358209,12
Dmitri Young,1973,1996,2008,2003,30,900,562,167,0.297153025,12
Dmitri Young,1973,1996,2008,2004,31,961,389,106,0.272493573,12
Dmitri Young,1973,1996,2008,2005,32,1024,469,127,0.270788913,12
Dmitri Young,1973,1996,2008,2006,33,1089,172,43,0.25,12
Dmitri Young,1973,1996,2008,2007,34,1156,460,147,0.319565217,12
Dmitri Young,1973,1996,2008,2008,35,1225,150,42,0.28,12
Michael Young,1976,2000,2013,2001,25,625,386,96,0.248704663,13
Michael Young,1976,2000,2013,2002,26,676,573,150,0.261780105,13
Michael Young,1976,2000,2013,2003,27,729,666,204,0.306306306,13
Michael Young,1976,2000,2013,2004,28,784,690,216,0.313043478,13
Michael Young,1976,2000,2013,2005,29,841,668,221,0.330838323,13
Michael Young,1976,2000,2013,2006,30,900,691,217,0.314037627,13
Michael Young,1976,2000,2013,2007,31,961,639,201,0.314553991,13
Michael Young,1976,2000,2013,2008,32,1024,645,183,0.28372093,13
Michael Young,1976,2000,2013,2009,33,1089,541,174,0.321626617,13
Michael Young,1976,2000,2013,2010,34,1156,656,186,0.283536585,13
Michael Young,1976,2000,2013,2011,35,1225,631,213,0.337559429,13
Michael Young,1976,2000,2013,2012,36,1296,611,169,0.276595745,13
Michael Young,1976,2000,2013,2013,37,1369,519,145,0.27938343,13
Gregg Zaun,1971,1995,2010,1995,24,576,104,27,0.259615385,15
Gregg Zaun,1971,1995,2010,1996,25,625,139,34,0.244604317,15
Gregg Zaun,1971,1995,2010,1997,26,676,143,43,0.300699301,15
Gregg Zaun,1971,1995,2010,1998,27,729,298,56,0.187919463,15
Gregg Zaun,1971,1995,2010,2000,29,841,234,64,0.273504274,15
Gregg Zaun,1971,1995,2010,2001,30,900,125,40,0.32,15
Gregg Zaun,1971,1995,2010,2002,31,961,185,41,0.221621622,15
Gregg Zaun,1971,1995,2010,2003,32,1024,166,38,0.228915663,15
Gregg Zaun,1971,1995,2010,2004,33,1089,338,91,0.269230769,15
Gregg Zaun,1971,1995,2010,2005,34,1156,434,109,0.251152074,15
Gregg Zaun,1971,1995,2010,2006,35,1225,290,79,0.272413793,15
Gregg Zaun,1971,1995,2010,2007,36,1296,331,80,0.241691843,15
Gregg Zaun,1971,1995,2010,2008,37,1369,245,58,0.236734694,15
Gregg Zaun,1971,1995,2010,2009,38,1444,262,68,0.259541985,15
Gregg Zaun,1971,1995,2010,2010,39,1521,102,27,0.264705882,15
Ryan Zimmerman,1984,2005,2021,2006,22,484,614,176,0.286644951,15
Ryan Zimmerman,1984,2005,2021,2007,23,529,653,174,0.266462481,15
Ryan Zimmerman,1984,2005,2021,2008,24,576,428,121,0.28271028,15
Ryan Zimmerman,1984,2005,2021,2009,25,625,610,178,0.291803279,15
Ryan Zimmerman,1984,2005,2021,2010,26,676,525,161,0.306666667,15
Ryan Zimmerman,1984,2005,2021,2011,27,729,395,114,0.288607595,15
Ryan Zimmerman,1984,2005,2021,2012,28,784,578,163,0.28200692,15
Ryan Zimmerman,1984,2005,2021,2013,29,841,568,156,0.274647887,15
Ryan Zimmerman,1984,2005,2021,2014,30,900,214,60,0.280373832,15
Ryan Zimmerman,1984,2005,2021,2015,31,961,346,86,0.248554913,15
Ryan Zimmerman,1984,2005,2021,2016,32,1024,427,93,0.217798595,15
Ryan Zimmerman,1984,2005,2021,2017,33,1089,524,159,0.303435115,15
Ryan Zimmerman,1984,2005,2021,2018,34,1156,288,76,0.263888889,15
Ryan Zimmerman,1984,2005,2021,2019,35,1225,171,44,0.257309942,15
Ryan Zimmerman,1984,2005,2021,2021,37,1369,255,62,0.243137255,15
